time/s,smt_CO2,smt_HCO3,smt_O2,PS_rate,Ub,Uc,srf_CO2,srf_HCO3,Uc_M,Ub_M,cyt_CO2
4299.918,21.109621968417308,2424.3188835907636,346.2506585537123,2.2665638688729617e-18,2.2100383438772657e-18,5.652552499569574e-20,21.107547545350204,2424.1675527115535,1.3762018182389264e-20,2.2528018506905722e-18,21.0989386765826
4303.509,21.102732077951586,2424.275419388319,346.3010126466225,2.2665638688729617e-18,2.205267002710739e-18,6.129686616222263e-20,21.100482552040635,2424.124415223465,1.9589373578181448e-20,2.2469744952947804e-18,21.088228364890238
4307.093,21.095842187485864,2424.2319551858745,346.35136673953275,2.2665638688729617e-18,2.2004956615442118e-18,6.606820732874952e-20,21.093417558731062,2424.0812777353763,2.5416728973974324e-20,2.2411471398989874e-18,21.077518053197874
4310.677,21.088952297020143,2424.1884909834303,346.40172083244295,2.2665638688729617e-18,2.1957243203776832e-18,7.083954849527835e-20,21.08635256542149,2424.0381402472876,3.1244084369768585e-20,2.2353197845031932e-18,21.066807741505507
4314.258,21.082062406554417,2424.1450267809855,346.45207492535314,2.2665638688729617e-18,2.1909529792111562e-18,7.561088966180524e-20,21.079287572111916,2423.9950027591985,3.707143976556077e-20,2.229492429107401e-18,21.056097429813143
4317.840999999999,21.075172516088696,2424.1015625785412,346.5024290182634,2.2665638688729617e-18,2.1861816380446277e-18,8.038223082833406e-20,21.072222578802343,2423.9518652711104,4.289879516135572e-20,2.223665073711606e-18,21.045387118120775
4321.433,21.068282625622974,2424.0580983760965,346.5527831111736,2.2665638688729617e-18,2.1814102968781026e-18,8.515357199485902e-20,21.06515758549277,2423.9087277830213,4.872615055714652e-20,2.2178377183158154e-18,21.03467680642841
4325.035,21.061392735157252,2424.014634173652,346.6031372040838,2.2665638688729617e-18,2.1766389557115737e-18,8.992491316138785e-20,21.0580925921832,2423.8655902949326,5.455350595294008e-20,2.212010362920022e-18,21.02396649473605
4328.626,21.05450284469153,2423.971169971208,346.65349129699405,2.2665638688729617e-18,2.1718676145450467e-18,9.469625432791473e-20,21.051027598873628,2423.822452806844,6.038086134873227e-20,2.2061830075242293e-18,21.013256183043687
4332.221,21.04761295422581,2423.927705768763,346.70384538990425,2.2665638688729617e-18,2.16709627337852e-18,9.946759549444163e-20,21.043962605564058,2423.7793153187554,6.620821674452516e-20,2.2003556521284367e-18,21.002545871351323
4335.813,21.040723063760087,2423.8842415663185,346.75419948281444,2.2665638688729617e-18,2.1623249322119947e-18,1.0423893666096659e-19,21.036897612254485,2423.7361778306663,7.203557214031525e-20,2.1945282967326464e-18,20.99183555965896
4339.397,21.03383317329436,2423.840777363874,346.80455357572464,2.2665638688729617e-18,2.1575535910454642e-18,1.0901027782749737e-19,21.02983261894491,2423.6930403425777,7.786292753611229e-20,2.1887009413368496e-18,20.981125247966588
4342.978,21.02694328282864,2423.7973131614294,346.8549076686349,2.2665638688729617e-18,2.1527822498789376e-18,1.1378161899402424e-19,21.02276762563534,2423.6499028544886,8.369028293190446e-20,2.1828735859410573e-18,20.970414936274228
4346.563,21.020053392362918,2423.753848958985,346.9052617615451,2.2665638688729617e-18,2.1480109087124106e-18,1.1855296016055114e-19,21.015702632325766,2423.6067653664004,8.951763832769735e-20,2.1770462305452643e-18,20.959704624581864
4350.151,21.013163501897196,2423.710384756541,346.9556158544553,2.2665638688729617e-18,2.143239567545882e-18,1.2332430132707996e-19,21.008637639016193,2423.5636278783118,9.53449937234916e-20,2.1712188751494705e-18,20.948994312889496
4353.744000000001,21.006273611431475,2423.666920554096,347.00596994736554,2.2665638688729617e-18,2.1384682263793566e-18,1.280956424936049e-19,21.001572645706624,2423.5204903902227,1.0117234911928173e-19,2.1653915197536802e-18,20.93828400119714
4357.3279999999995,20.999383720965753,2423.6234563516514,347.05632404027574,2.2665638688729617e-18,2.1336968852128316e-18,1.3286698366012988e-19,20.99450765239705,2423.4773529021336,1.0699970451507184e-19,2.15956416435789e-18,20.927573689504776
4360.916,20.99249383050003,2423.5799921492076,347.10667813318594,2.2665638688729617e-18,2.1289255440463007e-18,1.3763832482666065e-19,20.987442659087478,2423.434215414046,1.1282705991086955e-19,2.153736808962092e-18,20.91686337781241
4364.514,20.985603940034306,2423.536527946763,347.1570322260962,2.2665638688729617e-18,2.124154202879772e-18,1.4240966599318947e-19,20.980377665777905,2423.391077925957,1.1865441530666313e-19,2.147909453566299e-18,20.90615306612004
4368.108,20.978714049568584,2423.493063744318,347.2073863190064,2.2665638688729617e-18,2.119382861713249e-18,1.4718100715971251e-19,20.97331267246833,2423.3479404378677,1.2448177070245183e-19,2.1420820981705097e-18,20.89544275442768
4371.698,20.971824159102862,2423.449599541874,347.2577404119166,2.2665638688729617e-18,2.1146115205467182e-18,1.5195234832624324e-19,20.96624767915876,2423.304802949779,1.3030912609824816e-19,2.1362547427747137e-18,20.884732442735313
4375.286,20.96493426863714,2423.406135339429,347.30809450482684,2.2665638688729617e-18,2.1098401793801954e-18,1.5672368949276628e-19,20.95918268584919,2423.2616654616904,1.361364814940362e-19,2.1304273873789257e-18,20.874022131042953
4378.869000000001,20.95804437817142,2423.3626711369848,347.35844859773704,2.2665638688729617e-18,2.1050688382136646e-18,1.6149503065929703e-19,20.952117692539616,2423.218527973602,1.4196383688983323e-19,2.1246000319831288e-18,20.863311819350585
4382.451,20.951154487705697,2423.3192069345405,347.40880269064724,2.2665638688729617e-18,2.1002974970471376e-18,1.6626637182582392e-19,20.945052699230047,2423.175390485513,1.4779119228562542e-19,2.118772676587336e-18,20.852601507658225
4386.036,20.944264597239975,2423.2757427320958,347.45915678355743,2.2665638688729617e-18,2.095526155880611e-18,1.7103771299235082e-19,20.937987705920474,2423.132252997424,1.5361854768141693e-19,2.1129453211915447e-18,20.84189119596586
4389.624,20.93737470677425,2423.2322785296515,347.5095108764676,2.266563868872902e-18,2.090754814714017e-18,1.7580905415888494e-19,20.930922712610897,2423.089115509336,1.594459030772174e-19,2.1071179657956847e-18,20.831180884273486
4393.210999999999,20.930613678117805,2423.187877406476,347.5606730282993,2.2741922300574813e-18,2.094973468805046e-18,1.7921876125243506e-19,20.924036551546617,2423.044425516678,1.6388124683461772e-19,2.1103109832228636e-18,20.821520181580166
4396.803,20.923891252723443,2423.143195600306,347.6120772598636,2.282311141479215e-18,2.0997972574604286e-18,1.8251388401878618e-19,20.917193198860097,2422.999413404846,1.6819481253879673e-19,2.114116328940418e-18,20.811978465864648
4400.387,20.91720935777166,2423.098219923574,347.6637348315471,2.2909270135721864e-18,2.1052357288325054e-18,1.8569128473968118e-19,20.910394696882562,2422.954065332469,1.7238312146287081e-19,2.118543892109316e-18,20.802559955585448
4403.976,20.910569952352336,2423.052937060238,347.7156571003024,2.3000448151163214e-18,2.1112968182762963e-18,1.8874799684002517e-19,20.903643113573853,2422.908367440137,1.7644286196512863e-19,2.1236019531511927e-18,20.79326879030909
4407.56,20.90397502633953,2423.0073335790726,347.7678555074812,2.3096680146897417e-18,2.1179867793271765e-18,1.916812353625651e-19,20.89694054101282,2422.8623058684184,1.80370900226714e-19,2.1292971144630277e-18,20.784109022483527
4411.144,20.897426599204913,2422.9613959474214,347.8203415662668,2.3197985227425846e-18,2.125310115213569e-18,1.9448840752901598e-19,20.890289093823178,2422.815866776301,1.8416429108650566e-19,2.1356342316560795e-18,20.77508460908621
4414.726,20.89092671877057,2422.9151105453993,347.8731268487234,2.3304366344086296e-18,2.133269511033528e-18,1.9716712337510151e-19,20.883690907536003,2422.769036360039,1.878202889604677e-19,2.142616345448162e-18,20.766199403155955
4418.322,20.884477459902097,2422.868463680508,347.9262229724832,2.3415809731719734e-18,2.141865766725508e-18,1.9971520644646485e-19,20.877148136890323,2422.72180087236,1.9133635883211065e-19,2.150244614339863e-18,20.7574571452184
4421.916,20.8780809231429,2422.821441602661,347.9796415870895,2.3532284355069936e-18,2.1510977309646123e-18,2.0213070454238095e-19,20.870662954073097,2422.674146642012,1.9471018730078226e-19,2.158518248206211e-18,20.748861454614723
4425.503,20.871739233291006,2422.774030519583,348.03339436001926,2.365374136610352e-18,2.1609622361169866e-18,2.0441190049336543e-19,20.864237546900547,2422.626060093623,1.9793969367352941e-19,2.167434442936822e-18,20.740415820744413
4429.089,20.86545453791945,2422.726216612564,348.0874929624097,2.3780113573443007e-18,2.1714540343853884e-18,2.065573229589122e-19,20.857874116942245,2422.5775277678213,2.0102304108647098e-19,2.1769883162578295e-18,20.732123594232352
4432.674,20.85922900584177,2422.67798605254,348.14194905451143,2.391131492510371e-18,2.182565735279326e-18,2.0856575723104525e-19,20.85157487759014,2422.5285363416024,2.039586476409928e-19,2.187172844869378e-18,20.72398797803157
4436.263,20.853064825523926,2422.629325016475,348.1967742708942,2.40472400057237e-18,2.1942877445432116e-18,2.1043625602915805e-19,20.845342052074326,2422.47907264889,2.0674519753990471e-19,2.1979788030324653e-18,20.716012018472757
4439.851,20.846964203444426,2422.5802197040143,348.2519802054346,2.418776354946804e-18,2.2066082046754668e-18,2.1216815027133766e-19,20.839177871427857,2422.429123701264,2.0938165220833273e-19,2.209394702738471e-18,20.708198596272364
4443.447,20.840929362404093,2422.5306563543777,348.3075783961113,2.433273996978403e-18,2.2195129371711264e-18,2.137610598072767e-19,20.83308457240265,2422.3786767088072,2.1186726138407778e-19,2.2214067355943254e-18,20.70055041751092
4447.0470000000005,20.834962539787323,2422.480621263471,348.3635803096347,2.4482002907166782e-18,2.2329853866190364e-18,2.1521490409764197e-19,20.827064395338805,2422.3277191010466,2.1420157416189862e-19,2.2339987165547798e-18,20.693070004593547
4450.643,20.829065985776303,2422.4301008011735,348.41999732594354,2.463536479608169e-18,2.247006566783469e-18,2.1652991282470024e-19,20.82111958198942,2422.276238547931,2.163844499761135e-19,2.2471520296320556e-18,20.685759687204605
4454.24,20.82324196152014,2422.3790814287804,348.4768407225925,2.4792616452172798e-18,2.26155500879841e-18,2.177066364188702e-19,20.815252373303437,2422.224222980821,2.1841606950576737e-19,2.2608455757115117e-18,20.678621593268744
4457.827,20.817492737260483,2422.3275497165705,348.534121659062,2.495352668075588e-18,2.276606711588326e-18,2.1874595648726194e-19,20.80946500716851,2422.171660613454,2.202969454880414e-19,2.2750557225875465e-18,20.67165763992946
4461.417,20.811820590415866,2422.2754923614543,348.5918511610233,2.5117841907645644e-18,2.2921350946357044e-18,2.196490961288597e-19,20.80375971611682,2422.118539962823,2.220279334240381e-19,2.289756257340526e-18,20.664869524557833
4465.0,20.8062278036266,2422.2228962046797,348.6500401045865,2.5285285833229613e-18,2.3081109532002518e-18,2.204176301227091e-19,20.798138724996065,2422.06484986995,2.236102421628994e-19,2.3049183411600624e-18,20.658258715802617
4468.584,20.800716663643396,2422.169748242379,348.70869920687096,2.5455559110743853e-18,2.324502416790327e-18,2.2105349428405803e-19,20.79260424951471,2422.010579513278,2.250454435059638e-19,2.3205104675684213e-18,20.65182644612758
4472.165,20.79528945959495,2422.116035640866,348.76783901243226,2.5628339049667845e-18,2.3412749098438866e-18,2.215589951228987e-19,20.787158494155143,2421.95571842666,2.263354822192407e-19,2.3364984227475443e-18,20.645573703461313
4475.753,20.789948481241424,2422.0617457517537,348.827469879898,2.58032793451179e-18,2.3583911151951346e-18,2.219368193166553e-19,20.781803650079485,2421.9002565169753,2.2748268586069414e-19,2.3528452486510954e-18,20.639501222955584
4479.347,20.784696017216667,2422.0068661268265,348.8876019688504,2.5980010115536444e-18,2.375810972647017e-18,2.2219003890662714e-19,20.77654189318114,2421.844184079104,2.284897703045013e-19,2.3695112412491435e-18,20.633609481581143
4482.939,20.77953191606414,2421.951403093572,348.94822910325684,2.6158137765977125e-18,2.393489756024548e-18,2.223240205731644e-19,20.77137287505244,2421.787510503128,2.293621701822854e-19,2.3864516064154273e-18,20.627894731281394
4486.525,20.77445770195845,2421.8953504100828,349.0093560008519,2.633798204986108e-18,2.411466739645989e-18,2.2233146534011865e-19,20.76629838773219,2421.730226857857,2.3009229127641897e-19,2.4037059137096883e-18,20.6223635146791
4490.117,20.7694748522468,2421.838702370286,349.0709868903608,2.651935084990219e-18,2.4297217891557936e-18,2.2221329583442534e-19,20.761319874708228,2421.672328815905,2.3068082273196667e-19,2.421254262258252e-18,20.6170168441655
4493.697,20.764584794875535,2421.7814538215894,349.13312549642797,2.6702046872578634e-18,2.448234116401207e-18,2.219705708566569e-19,20.756438725070115,2421.613812648135,2.311285992640866e-19,2.4390760879937764e-18,20.61185558667176
4497.276,20.759788905842285,2421.723600181818,349.19577502523293,2.6885868116917705e-18,2.466982328581641e-18,2.2160448311012937e-19,20.75165627104461,2421.5546752372284,2.314365992941243e-19,2.4571502123976464e-18,20.606880462370434
4500.858,20.755088506678,2421.665137455378,349.2589381508371,2.7070608367296913e-18,2.4859444801342593e-18,2.211163565954325e-19,20.746973785573328,2421.4949140903004,2.316059427431763e-19,2.475454893986515e-18,20.602092043633387
4504.452,20.750484861963844,2421.6060622486193,349.3226170023099,2.7256057709795946e-18,2.5050981273132293e-18,2.2050764366636535e-19,20.742392479937692,2421.4345273505196,2.3163788847822872e-19,2.4939678825013662e-18,20.5974907542543
4508.039000000001,20.7459791768872,2421.546371784329,349.38681315167696,2.7442003071565793e-18,2.524420385412318e-18,2.197799217442612e-19,20.7379135014355,2421.373513807689,2.31533831407128e-19,2.512666475749451e-18,20.59307686894248
4511.629,20.74157259484159,2421.486063915318,349.4515276027334,2.7628228782612163e-18,2.5438879885734465e-18,2.189348896877698e-19,20.73353793111407,2421.311872907733,2.3129529921858753e-19,2.5315275790426286e-18,20.588850513095323
4515.214,20.737266195074834,2421.4251371370533,349.51676078076486,2.7814517159322247e-18,2.563477352115933e-18,2.179743638162915e-19,20.729266781564355,2421.249604761063,2.309239487646958e-19,2.550527767167529e-18,20.584811662855344
4518.8,20.7330609903901,2421.363590599288,349.58251252321537,2.8000649108998197e-18,2.5831646373144665e-18,2.169002735853527e-19,20.725100994780675,2421.1867101497737,2.304215620834183e-19,2.5696433488164015e-18,20.580960145458057
4522.394,20.728957924904115,2421.3014241166484,349.6487820713406,2.81864047545908e-18,2.6029258185458254e-18,2.1571465691325448e-19,20.72104144009045,2421.1231905336294,2.297900420596771e-19,2.588850433399403e-18,20.57729563987592
4525.983,20.724957871867083,2421.238638178144,349.7155680628823,2.837156407876399e-18,2.622736752717768e-18,2.1441965515863049e-19,20.717088912158438,2421.0590480548212,2.290314077239134e-19,2.6081250001524856e-18,20.573817677763593
4529.571,20.72106163154842,2421.1752339555474,349.78286852579726,2.8555907586352774e-18,2.6425732508858365e-18,2.130175077494407e-19,20.71324412906957,2420.994285541444,2.28147789187938e-19,2.6274429694473387e-18,20.57052564470862
4533.174,20.71726992919272,2421.111213310625,349.85068087307536,2.8739216984219155e-18,2.6624111519576192e-18,2.1151054646429623e-19,20.7095077304948,2420.9289065096773,2.2714142221824584e-19,2.6467802762036698e-18,20.567418781792018
4536.77,20.71358341305009,2421.0465788011697,349.9190018986735,2.8921275877446112e-18,2.6822263983767977e-18,2.099011893678134e-19,20.70588027594398,2420.86291516464,2.2601464244783163e-19,2.6661129452967797e-18,20.56449618746191
4540.3679999999995,20.710002652484775,2420.9813336858147,349.98782777459337,2.9101870480751814e-18,2.7019951136728274e-18,2.0819193440235382e-19,20.702362243109686,2420.79631639989,2.247698792281889e-19,2.685417168846992e-18,20.56175681972329
4543.963,20.706528136166305,2420.9154819275977,350.05715404912905,2.9280790343949834e-18,2.721693681756023e-18,2.0638535263895993e-19,20.698954026306044,2420.7291157955615,2.234096491236708e-19,2.7046693852713123e-18,20.55919949864645
4547.559,20.703160270330685,2420.849028196379,350.1269756461837,2.945782909022197e-18,2.741298827818298e-18,2.0448408120389854e-19,20.695655934989492,2420.6613196152407,2.219365490668033e-19,2.7238463599553937e-18,20.556822909169455
4551.152,20.699899377126098,2420.7819778700114,350.1972868657555,2.9632785165921245e-18,2.760787700715494e-18,2.0249081587662951e-19,20.69246819237615,2420.592934801497,2.20353249167962e-19,2.742925267424162e-18,20.55462560421346
4554.751,20.69674569303018,2420.714337034381,350.2680813854821,2.980546260056857e-18,2.780137956679611e-18,2.0040830337724581e-19,20.689390934142118,2420.523968970191,2.1866248519976595e-19,2.7618837748570905e-18,20.55260600808438
4558.352,20.6936993673525,2420.646112482203,350.3393522633374,2.9975671775661753e-18,2.799327844225364e-18,1.9823933334081163e-19,20.686424207220497,2420.4544304034566,2.168670507513061e-19,2.780700126814869e-18,20.550762420177893
4561.95,20.690760460824947,2420.5773117105873,350.4110919414808,3.0143230201087387e-18,2.8183362901262095e-18,1.959867299825292e-19,20.68356796869767,2420.3843280413785,2.1496978905577219e-19,2.7993532310529662e-18,20.549093018987946
4565.549,20.687928944282397,2420.507942917348,350.4832922512631,3.030796329796438e-18,2.8371429863395206e-18,1.9365334345691738e-19,20.68082208481105,2420.3136714723496,2.1297358449428564e-19,2.8178227453021525e-18,20.54759586641932
4569.139,20.68520474389291,2420.438014628745,350.55594474025554,3.046970518655923e-18,2.855728514067034e-18,1.9124200458888916e-19,20.678186377840614,2420.2424705523194,2.1088130941317138e-19,2.8360892092427523e-18,20.54626898794775
4572.724,20.68258770854314,2420.3675359422746,350.6290404620756,3.0628299477892664e-18,2.8740744075304836e-18,1.8875554025878268e-19,20.675660592929688,2420.1707356432157,2.0869584506591494e-19,2.8541341027233513e-18,20.545110326340435
4576.314,20.680077609668025,2420.2965165126707,350.7025699905544,3.0783585358417307e-18,2.8921615502958614e-18,1.8619698554586884e-19,20.67324439012923,2420.098477708758,2.0642029515118957e-19,2.8719382406905407e-18,20.54411760012098
4579.907,20.67767414119991,2420.224966536554,350.7765234351394,3.0935407961812885e-18,2.909971367679609e-18,1.8356942850167921e-19,20.670937350043566,2420.0257082174544,2.0405782955542134e-19,2.889482966625867e-18,20.543288406962446
4583.496,20.675376919638197,2420.152896735743,350.85089045751187,3.108361875723369e-18,2.9274858700090683e-18,1.8087600571430088e-19,20.668738974062855,2419.952439122955,2.0161167985471217e-19,2.9067501958686573e-18,20.54262022673357
4587.089,20.673185484240708,2420.080318339256,350.9256602893968,3.1228075923666713e-18,2.9446876945568137e-18,1.7811989780985767e-19,20.666648684719522,2419.8786828431794,1.9908513473161532e-19,2.923722457635056e-18,20.542110424722246
4590.69,20.67109929733728,2420.007243064022,351.000821751534,3.1368644709072052e-18,2.9615601460056654e-18,1.7530432490153968e-19,20.66466582616888,2419.8044522382565,1.96481535318248e-19,2.9403829355889566e-18,20.541756255029302
4594.278,20.66911774476645,2419.933683094345,351.0763632737817,3.1505197772992037e-18,2.9780872353027995e-18,1.7243254199640386e-19,20.66278966479437,2419.72976058733,1.938042704759846e-19,2.9567155068232192e-18,20.541554864126514
4597.871,20.66724013643527,2419.8596510601415,351.1522729163161,3.163761551133991e-18,2.994253716763076e-18,1.6950783437091414e-19,20.661019389937113,2419.6546215642547,1.91056772022779e-19,2.9727047791112115e-18,20.541503294571733
4601.467000000001,20.66546570700262,2419.7851600140034,351.2285383918874,3.176578636210704e-18,3.0100451232847933e-18,1.6653351292591133e-19,20.659354114749643,2419.5790492122474,1.8824250991891303e-19,2.988336126291791e-18,20.541598488874186
4605.06,20.66379361668573,2419.710223407117,351.3051470890902,3.1889607090756612e-18,3.0254477995433806e-18,1.635129095322804e-19,20.657792877173296,2419.503057917533,1.853649874225754e-19,3.003595721653086e-18,20.541837293502294
4608.652,20.662222952189662,2419.634855064098,351.38208609660586,3.200898305411201e-18,3.040448933032615e-18,1.6044937237858558e-19,20.65633464103838,2419.4266623820554,1.8242773622677721e-19,3.0184705691844237e-18,20.542216463025984
4612.2429999999995,20.660752727759213,2419.5590691567727,351.45934222836115,3.2123828441584915e-18,3.0550365828264448e-18,1.5734626133204625e-19,20.654978297286355,2419.3498775952876,1.7943431158914729e-19,3.0329485325693436e-18,20.542732664385404
4615.837,20.659381886352463,2419.4828801769827,351.53690204955797,3.2234066492634507e-18,3.0691997059389595e-18,1.5420694332449127e-19,20.653722665312692,2419.272718805232,1.7638828746657067e-19,3.0470183617968802e-18,20.543382481277355
4619.43,20.658109300934854,2419.406302908444,351.6147519035143,3.2339629689396953e-18,3.0829281811646558e-18,1.5103478777503905e-19,20.652566494428957,2419.195201488648,1.7329325166670432e-19,3.0606697172729913e-18,20.544162418650345
4623.024,20.656933775893105,2419.329352397737,351.69287793926287,3.244045992347603e-18,3.096212830286696e-18,1.4783316206090696e-19,20.651508465442912,2419.1173413205865,1.701528010280821e-19,3.073893191319521e-18,20.545068907299775
4626.621,20.65585404856741,2419.252043924479,351.7712661398464,3.2536508635944847e-18,3.1090454365461942e-18,1.44605427048291e-19,20.65054719235475,2419.039154143304,1.6697053664111392e-19,3.086680326953371e-18,20.546098308553717
4630.210999999999,20.65486879090071,2419.1743929707427,351.8499023512497,3.2627736929666194e-18,3.1214187602718306e-18,1.4135493269478933e-19,20.64968122416775,2418.9606559346034,1.637500591218278e-19,3.0990236338447913e-18,20.54724691904007
4633.806,20.653976611203483,2419.0964151897847,351.9287723119046,3.2714115653102076e-18,3.1333265515750514e-18,1.3808501373515653e-19,20.648909046811376,2418.8818627756987,1.6049496395055781e-19,3.1109166013596497e-18,20.548510975525573
4637.401,20.65317605603226,2419.0181263741583,352.0078616827022,3.2795625454854267e-18,3.14476356002346e-18,1.34798985461967e-19,20.64822908517466,2418.8027908186627,1.5720883688758874e-19,3.1223537085978382e-18,20.549886659816938
4640.99,20.652465612180325,2418.939542423264,352.0871560774486,3.287225680823742e-18,3.155725541211134e-18,1.315001396126081e-19,20.647639705247833,2418.7234562535286,1.538952494775868e-19,3.1333304313461548e-18,20.55137010371469
4644.587,20.651843708777925,2418.860679310425,352.16664109369003,3.294401000526031e-18,3.166209260151393e-18,1.281917403746379e-19,20.647139216369133,2418.6438752751337,1.505577546554756e-19,3.1438432458705557e-18,20.552957394008732
4648.178,20.651308719500303,2418.78155304955,352.2463023438429,3.301089511934858e-18,3.1762124914126364e-18,1.2487702052222154e-19,20.646725873574642,2418.564064049771,1.4719988246687068e-19,3.1538896294679873e-18,20.554644577505297
4651.771,20.650858963999536,2418.7021796686486,352.32612548024514,3.3072931936288028e-18,3.185734015242397e-18,1.2155917838640589e-19,20.64639787914129,2418.4840386889723,1.438251367593211e-19,3.163468056869482e-18,20.556427664639727
4655.373,20.650492710024995,2418.622575178307,352.4060962245609,3.3130149852940223e-18,3.194773610772482e-18,1.1824137452154105e-19,20.64615338482966,2418.4038152184476,1.404369914527383e-19,3.1725779938412835e-18,20.55830263405234
4658.972,20.65020817562446,2418.542755540132,352.4862003971368,3.3182587743356906e-18,3.203332045781682e-18,1.1492672855400892e-19,20.645990494200763,2418.32340954723,1.370388869807584e-19,3.1812198873549317e-18,20.560265437131314
4662.566,20.650003531422517,2418.462736635234,352.5664239462366,3.323029408471721e-18,3.211411096484402e-18,1.116183119873196e-19,20.645907265158467,2418.242837434805,1.3363422264995853e-19,3.1893951858217625e-18,20.562312005334825
4666.163,20.649876902972622,2418.382534232846,352.64675297707436,3.3273326863004793e-18,3.2190135423773593e-18,1.0831914392312021e-19,20.645901712458603,2418.162114460082,1.302263519228706e-19,3.197106334377609e-18,20.564438255650888
4669.755999999999,20.649826373178843,2418.3021639591457,352.72717378056853,3.3311753454276114e-18,3.22614315855782e-18,1.050321868697914e-19,20.645971810284514,2418.0812559907413,1.26818577778652e-19,3.2043567676489585e-18,20.566640096075044
4673.348,20.64984998478347,2418.2216412663684,352.8076728617415,3.334565048175633e-18,3.2328047055299793e-18,1.0176034264565387e-19,20.64611549488503,2418.0002771530458,1.234141481591351e-19,3.211150900016498e-18,20.568913431097073
4676.948,20.649945742916348,2418.1409814022927,352.88823696768435,3.337510364908269e-18,3.2390039165245277e-18,9.850644838374117e-20,20.646330667270416,2417.9191928021946,1.200162515080354e-19,3.2174941134002333e-18,20.571254167187394
4680.541,20.6501116177017,2418.0601993801774,352.968853115014,3.34002075500923e-18,3.2447474823644098e-18,9.527327264482024e-20,20.646615195961825,2417.8380174932972,1.1662801241081293e-19,3.2233927425984172e-18,20.573658218274044
4684.135,20.65034554691816,2417.9793099492285,353.04950861674627,3.3421065455628733e-18,3.250043033917752e-18,9.206351164512105e-20,20.646966919789804,2417.756765453041,1.1325248734246038e-19,3.2288540582204134e-18,20.576121511201126
4687.727,20.650645438707482,2417.8983275656756,353.13019110850973,3.3437789077918134e-18,3.254899122186751e-18,8.88797856050633e-20,20.647383650736963,2417.675450552132,1.0989266053037038e-19,3.2338862472614435e-18,20.5786399911595
4691.322,20.65100917432746,2417.8172663645346,353.210888574031,3.3450498313146076e-18,3.259325196089629e-18,8.572463522497841e-20,20.64786317682026,2417.5940862785774,1.0655143993909717e-19,3.2384983913755105e-18,20.581209627080806
4694.923,20.65143461094434,2417.7361401321323,353.2915893698166,3.3459320962932083e-18,3.2633315779996353e-18,8.260051829357338e-20,20.648403265007865,2417.5126857118867,1.0323165338366021e-19,3.2427004429095483e-18,20.583826416985662
4698.508,20.651919584459947,2417.654962279466,353.37228224896734,3.346439243548016e-18,3.2669294371132972e-18,7.950980643471841e-20,20.64900166416568,2417.431261498253,9.993604477783013e-20,3.2465031987701853e-18,20.586486393277077
4702.095,20.652461912368715,2417.5737458164695,353.4529563840549,3.346585542724944e-18,3.2701307607272238e-18,7.645478199771992e-20,20.64965610802849,2417.34982582679,9.666727052344804e-20,3.2499182722014963e-18,20.58918562797027
4705.687,20.65305939663964,2417.4925033272557,353.53360138899814,3.3463859586056546e-18,3.2729483235095852e-18,7.343763509606946e-20,20.650364318190597,2417.2683904068726,9.342789604665998e-20,3.2529580625589948e-18,20.59192023785008
4709.275,20.653709826618176,2417.4112469463985,353.61420733987666,3.345856115659004e-18,3.275395654859707e-18,7.046046079929731e-20,20.65112400711076,2417.186966446658,9.022039248659879e-20,3.2556357231724057e-18,20.594686389547302
4712.869000000001,20.654410981942885,2417.3299883363266,353.6947647946236,3.3450122609377326e-18,3.2774870044553395e-18,6.752525648239334e-20,20.651932881126136,2417.1055646328387,8.704713354189456e-20,3.257965127395838e-18,20.597480304525316
4716.464,20.65516063547178,2417.248738665881,353.7752648115401,3.3438712254306245e-18,3.2792373060939216e-18,6.463391933670207e-20,20.652788643469947,2417.024195111673,8.391039247981104e-20,3.2599608329508133e-18,20.600298263968675
4720.043,20.655956556213024,2417.1675085900993,353.85569896658086,3.3424503839857777e-18,3.2806621399396377e-18,6.178824404614017e-20,20.653688997287478,2416.942867471359,8.081233931279656e-20,3.261638044672982e-18,20.603136613565347
4723.627,20.656796512254765,2417.086308231281,353.93605936935757,3.3407676139264735e-18,3.2817776932944654e-18,5.898992063200792e-20,20.654631648645008,2416.86159072578,7.775503814661247e-20,3.263012575779861e-18,20.605991768174498
4727.21,20.657678273688713,2417.005147161385,354.0163386778193,3.338841252485959e-18,3.2826007200164622e-18,5.624053246949709e-20,20.655614309526158,2416.7803732996867,7.474044470409205e-20,3.264100807781867e-18,20.608860216371898
4730.794,20.658599615538225,2416.9240343856736,354.0965301116814,3.336690053192303e-18,3.283148498726517e-18,5.3541554465785774e-20,20.65663470082685,2416.6992230151986,7.17704040125072e-20,3.2649196491797963e-18,20.61173852489152
4734.380999999999,20.659558320675075,2416.8429783277265,354.17662746449156,3.334333141339089e-18,3.2834387899289652e-18,5.0894351410124e-20,20.657690555332632,2416.6181470797583,6.884664826768618e-20,3.265486493071403e-18,20.614623342938994
4737.969,20.66055218271962,2416.761986815876,354.25662511429766,3.33178996868138e-18,3.2834897921837455e-18,4.830017649763456e-20,20.658779620673016,2416.5371520755625,6.597079487747313e-20,3.2658191738039065e-18,20.617511406369857
4741.549,20.661579008919563,2416.6810670710847,354.3365180328891,3.3290802675003217e-18,3.2833200974725906e-18,4.576017002773127e-20,20.659899662247998,2416.456243950502,6.314434468625751e-20,3.265935922814065e-18,20.620399541726716
4745.138,20.662636623002122,2416.6002256963015,354.41630179358935,3.326224003607232e-18,3.2829486452489694e-18,4.32753583582633e-20,20.66104846611862,2416.375428010658,6.036868046301385e-20,3.265855323144219e-18,20.62328467007563
4748.735,20.663722867994572,2416.5194686673203,354.49597257757813,3.323241328796831e-18,3.2823946757315686e-18,4.084665306526205e-20,20.662223841858346,2416.2947089143645,5.764506560325768e-20,3.2655962631935724e-18,20.626163810669496
4752.333,20.66483560900826,2416.438801325156,354.5755271787292,3.3201525328814716e-18,3.2816776825707977e-18,3.847485031067313e-20,20.663423625360274,2416.2140906678214,5.497464304807491e-20,3.2651778898333965e-18,20.629034084431424
4755.929,20.66597273598098,2416.358228369961,354.6549630069511,3.3169779954397354e-18,3.280817365019396e-18,3.616063042033965e-20,20.664645681595008,2416.1335766222887,5.235843442331692e-20,3.264619561016418e-18,20.631892717251127
4759.524,20.66713216637272,2416.2777538564947,354.73427809002595,3.3137381374130437e-18,3.2798335797389796e-18,3.3904557674064894e-20,20.665887907314104,2416.053169472853,4.9797339401617774e-20,3.2639407980114265e-18,20.634737043087444
4763.119000000001,20.66831184781011,2416.1973811911425,354.8134710739409,3.310453372684399e-18,3.278746292375441e-18,3.1707080308958237e-20,20.66714823369439,2415.972871258767,4.729213528915778e-20,3.263161237395241e-18,20.637564506871154
4766.722,20.669509760674384,2416.1171131305023,354.89254122171667,3.307144059772929e-18,3.2775755290355458e-18,2.95685307373835e-20,20.66842462891795,2415.8926833653536,4.484347683929739e-20,3.2623005829336315e-18,20.640372667201557
4770.319,20.67072392062827,2416.0369517815266,354.971488410738,3.3038304537771743e-18,3.2763413277971662e-18,2.7489125980007856e-20,20.66971510068309,2415.812606527472,4.2451896294337467e-20,3.261378557482837e-18,20.643159198831306
4773.915,20.67195238107707,2415.9568986032186,355.0503131285974,3.300532658699029e-18,3.2750636903848203e-18,2.5468968314208292e-20,20.671017698641652,2415.7326408345207,4.0117803656339907e-20,3.260414855042689e-18,20.645921894934318
4777.508,20.67319323555914,2415.8769544098695,355.12901646746445,3.297270580278632e-18,3.27376253414084e-18,2.35080461377921e-20,20.672330516757775,2415.6527857369647,3.7841487187724384e-20,3.259429093090908e-18,20.648658669151366
4781.09,20.67444462006137,2415.797119375827,355.2076001170047,3.294063879468279e-18,3.272457644420871e-18,2.1606235047407532e-20,20.673651695583818,2415.573040054362,3.562311414167196e-20,3.258440765326607e-18,20.651367557409117
4784.684,20.675704715255144,2415.717393041774,355.2860663558642,3.2909319266712274e-18,3.271168627540557e-18,1.97632991306704e-20,20.67497942444888,2415.493401984867,3.3462731722030554e-20,3.257469194949197e-18,20.654046719508173
4788.282999999999,20.676971748648427,2415.6377743224903,355.36441804175445,3.287893756868057e-18,3.2699148643973914e-18,1.7978892470665674e-20,20.676311943555685,2415.4138691161656,3.136026827200618e-20,3.2565334885960513e-18,20.656694440476368
4791.877,20.67824399664971,2415.5582615160815,355.4426586001621,3.2849680257504896e-18,3.2687154648894935e-18,1.625256086099624e-20,20.67764754598159,2415.334438437826,2.931553469044742e-20,3.2556524910600416e-18,20.659309131683806
4795.477,20.679519786539892,2415.47885231463,355.52079201172336,3.2821729669782542e-18,3.267589223249199e-18,1.4583743729055363e-20,20.678984579579875,2415.2551063550086,2.732822607393245e-20,3.2548447409043216e-18,20.661889331716957
4799.07,20.680797498347903,2415.399543816246,355.5988227982989,3.279526350671144e-18,3.266554574406182e-18,1.2971776264961743e-20,20.680321448777246,2415.1758687035035,2.539792358269978e-20,3.254128427088445e-18,20.664433707008897
4802.662,20.682075566626526,2415.3203325384734,355.67675600779285,3.2770454432435168e-18,3.2656295514906107e-18,1.1415891752905896e-20,20.681656616264092,2415.0967207660487,2.3524096527645134e-20,3.2535213467158716e-18,20.666941052224065
4806.247,20.683352482124313,2415.2412144330096,355.75459719775915,3.274746968684005e-18,3.264831744582376e-18,9.915224101628043e-21,20.682988604573534,2415.0176572898727,2.1706104675663397e-20,3.2530408640083413e-18,20.66941029039518
4809.837,20.68462679335017,2415.1621849017,355.8323524178429,3.272647071378065e-18,3.264178260807959e-18,8.468810570106314e-21,20.684315997545994,2414.9386725054223,1.9943200769865122e-20,3.2527038706081997e-18,20.671840472811294
4813.427,20.685897108027266,2415.0832388137565,355.9100281911092,3.2707612805655906e-18,3.2636856858815877e-18,7.075594684002265e-21,20.685637441676054,2414.8597601462134,1.823453326065193e-20,3.252526747304938e-18,20.67423077865621
4817.024,20.687162094432907,2415.0043705241474,355.98763149431284,3.2691044765199164e-18,3.2633700471816744e-18,5.734429338242214e-21,20.686951647338486,2414.7809134697504,1.6579149243440846e-20,3.2525253272764755e-18,20.676580514396807
4820.616,20.688420482621666,2414.9255738931056,356.0651697371661,3.267690858529106e-18,3.263246778448811e-18,4.4440800802945495e-21,20.688257389890882,2414.7021252794516,1.4975997597913416e-20,3.252714860931192e-18,20.678889112921926
4824.209,20.68967106552877,2414.8468423067015,356.1426507406629,3.26653391476435e-18,3.263330686197094e-18,3.2032285672557126e-21,20.689553510650164,2414.623387947521,1.342393232225854e-20,3.253109982442091e-18,20.681156132433106
4827.7970000000005,20.690912699951287,2414.768168698419,356.2200827145233,3.2656463941082222e-18,3.263635917918223e-18,2.010476189999238e-21,20.690838917740777,2414.5446934387032,1.1921716055923142e-20,3.253724678052299e-18,20.683381255089127
4831.379,20.692144307404856,2414.689545571668,356.2974742338205,3.2650402800082337e-18,3.2641759321509237e-18,8.643478573102125e-22,20.692112586812552,2414.4660333348434,1.0468023783997997e-20,3.2545722562242363e-18,20.68556428540659
4834.965,20.69336487485379,2414.6109650231833,356.3748342148563,3.264726766415537e-18,3.2649634704829847e-18,-2.367040674477378e-22,20.693373561626316,2414.3873988602045,9.061446716027294e-21,3.255665319699509e-18,20.687705148419106
4838.552,20.694573455312778,2414.532418767227,356.452171890353,3.2647162358615936e-18,3.2660105315468057e-18,-1.2942956852120678e-21,20.694620954505847,2414.3087809074514,7.700496331265583e-21,3.2570157395303275e-18,20.689803887598746
4842.14,20.69576916831866,2414.4538981605447,356.5294967840297,3.265018239719243e-18,3.2673283470631976e-18,-2.310107343954838e-21,20.695853946654857,2414.2301700642433,6.383608582194774e-21,3.2586346311370478e-18,20.691860662543505
4845.727,20.696951200270856,2414.3753942279877,356.60681868463473,3.2656414806876615e-18,3.2689273599818293e-18,-3.2858792941675556e-21,20.697071788338,2414.1515566403596,5.1091482474652164e-21,3.2605323324401968e-18,20.693875746435296
4849.317,20.698118804639666,2414.29689768875,356.6841476195032,3.266593797534244e-18,3.2708172047606325e-18,-4.223407226388488e-21,20.698273798925396,2414.0729306952803,3.875413424943476e-21,3.2627183841093005e-18,20.69584952327386
4852.898,20.699271302041417,2414.218398983138,356.761493827714,3.267882152119127e-18,3.273006689819334e-18,-5.124537700207072e-21,20.699459366800024,2413.994282066161,2.680640155442964e-21,3.265201511963684e-18,20.69778248489175
4856.478,20.700408080180303,2414.1398882997964,356.8388677329164,3.2695126187216406e-18,3.275503782196681e-18,-5.9911634750409035e-21,20.700627949128222,2413.9156003961098,1.523007166696925e-21,3.267989611554943e-18,20.69967522775724
4860.064,20.701528593656594,2414.0613556033354,356.91627991590093,3.2714903756807047e-18,3.278315594433489e-18,-6.825218752784216e-21,20.701779071493284,2413.83687516271,4.0064072737742166e-22,3.271089734953327e-18,20.701528449571466
4863.652,20.7026323636415,2413.9827906622654,356.99374108698646,3.273819699354895e-18,3.2814483736980997e-18,-7.628674343204429e-21,20.702912327392923,2413.7580957067007,-6.883803999364827e-22,3.2745080797548322e-18,20.70334294566756
4867.237,20.703718977419054,2413.904183077177,357.0712620582969,3.2765039604004797e-18,3.284907493163492e-18,-8.403532763012395e-21,20.704027377601275,2413.679251260749,-1.74601991798379e-21,3.2782499803184634e-18,20.70511960521937
4870.829000000001,20.704788087795954,2413.825522309097,357.1488537160004,3.279545622359536e-18,3.2886974456394245e-18,-9.15182327988852e-21,20.705123949396874,2413.6003309782395,-2.7742788778263228e-21,3.282319901237363e-18,20.70685940726849
4874.413,20.70583941238036,2413.7467977079314,357.22652699258146,3.2829462425435687e-18,3.2928218394566815e-18,-9.875596913112417e-21,20.70620183565798,2413.5213239619998,-3.775190497631093e-21,3.2867214330412e-18,20.708563416578457
4877.997,20.706872732731153,2413.6679985409432,357.30429283921876,3.286706475191086e-18,3.297283396593555e-18,-1.0576921402469383e-20,20.707260893827186,2413.4422192929073,-4.750814929270402e-21,3.291457290120356e-18,20.710232779325608
4881.583,20.707887893379382,2413.5891140211734,357.38216219834027,3.2908260768721166e-18,3.3020839530296856e-18,-1.1257876157569285e-20,20.70830104474754,2413.363006058286,-5.703233985351013e-21,3.2965293108574674e-18,20.711868718636655
4885.17,20.708884800724025,2413.5101333357493,357.4601459764201,3.2953039141055687e-18,3.307224461305217e-18,-1.1920547199648373e-20,20.709322271372645,2413.283673380038,-6.634545839213218e-21,3.3019384599447815e-18,20.713472529983374
4888.759,20.709863421804464,2413.4310456739963,357.5382550170921,3.3001379731499287e-18,3.3127049952582422e-18,-1.2567022108313428e-20,20.7103246173537,2413.2042104424336,-7.546859710925375e-21,3.3076848328608547e-18,20.71504557644544
4892.340999999999,20.710823782952378,2413.351840255301,357.6165000746398,3.3053253719217085e-18,3.3185247569072133e-18,-1.3199384985504434e-20,20.711308185506578,2413.1246065195,-8.44229055212802e-21,3.3137676624738364e-18,20.716589283852624
4895.933,20.71176596832613,2413.272506356636,357.6948917879312,3.3108623739904648e-18,3.324682085439801e-18,-1.3819711449336194e-20,20.71227313616249,2413.044851001933,-9.322953743035958e-21,3.320185327733501e-18,20.718105135818107
4899.517,20.712690118331118,2413.1930333397004,357.7734406548617,3.3167444045937983e-18,3.3311744682641402e-18,-1.4430063670341865e-20,20.713219685406166,2412.964933423479,-1.0190959814825188e-20,3.3269353644086235e-18,20.719594668675267
4903.108,20.713596427929577,2413.1134106776008,357.852157007363,3.32296606861026e-18,3.337998554072792e-18,-1.5032485462531986e-20,20.714148103205513,2412.8848434867245,-1.1048409210535296e-20,3.334014477820795e-18,20.72105946633
4906.693,20.71448514484409,2413.0336279810094,357.9310509870394,3.32952117042343e-18,3.3451501678653974e-18,-1.5628997441967394e-20,20.715058711437443,2412.8045710882207,-1.1897387097998408e-20,3.3414185575214284e-18,20.722501155041765
4910.276,20.71535656765883,2412.9536750237476,358.01013252148647,3.336402735605503e-18,3.3526243278705063e-18,-1.622159226500333e-20,20.715951881814377,2412.7241063429133,-1.2739958247731634e-20,3.3491426938532334e-18,20.723921398145915
4913.863,20.716211043823353,2412.8735417677244,358.08941130134525,3.3436030343444656e-18,3.3604152643031908e-18,-1.681222995872525e-20,20.716828033716652,2412.643439607793,-1.3578161989241156e-20,3.3571811963337068e-18,20.725321890731045
4917.4529999999995,20.717048967563716,2412.793218387183,358.1688967581465,3.3511136065346185e-18,3.3685164398902252e-18,-1.740283335560668e-20,20.717687631936112,2412.5625615047384,-1.4414007258632675e-20,3.3655276137932514e-18,20.72670435428456
4921.044,20.71787077770606,2412.7126952921994,358.2485980429876,3.3589252884465806e-18,3.3769205720908416e-18,-1.7995283644261582e-20,20.718531184336403,2412.4814629424927,-1.52494677503698e-20,3.3741747561969497e-18,20.728070531320174
4924.641,20.718676955418097,2412.6319631513798,358.3285240060951,3.367028240889197e-18,3.3856196569372835e-18,-1.8591416048086618e-20,20.71935923943586,2412.4001351377283,-1.608647718594988e-20,3.3831147180751476e-18,20.729422180001084
4928.24,20.71946802187414,2412.55101291371,358.40868317730883,3.375411978772708e-18,3.3946049944158207e-18,-1.9193015643112814e-20,20.72017238391908,2412.318569635159,-1.6926924711837454e-20,3.392338903484545e-18,20.73076106877272
4931.832,20.72024453584963,2412.469835829511,358.4890837475326,3.384065401979284e-18,3.403867215305537e-18,-1.9801813326252475e-20,20.720971240083472,2412.2367583266555,-1.7772650438904014e-20,3.401838052418188e-18,20.732088971018957
4935.428,20.72100709125115,2412.3884234704583,358.56973355118384,3.392976827445006e-18,3.413396309389492e-18,-2.0419481944485493e-20,20.72175646322721,2412.1546934693374,-1.862544113495341e-20,3.4116022685799597e-18,20.733407659755546
4939.018,20.721756314588394,2412.3067677486238,358.65064004968104,3.4021340223529794e-18,3.423181654948106e-18,-2.1047632595126752e-20,20.722528738985453,2412.0723677025912,-1.9487026081638363e-20,3.4216210484346176e-18,20.7347189023746
4942.612,20.722492862394446,2412.224860934506,358.73181031599273,3.411524238337862e-18,3.4332120494448716e-18,-2.1687811107010265e-20,20.723288780621456,2411.9897740640017,-2.0359073106658414e-20,3.4318833114445203e-18,20.736024455453624
4946.206,20.723217418601212,2412.14269567401,358.81325102028177,3.4211342466003354e-18,3.443475741312747e-18,-2.234149471241204e-20,20.724037326279884,2411.9069060041547,-2.1243184802270905e-20,3.4423774314026063e-18,20.737326059643337
4949.789000000001,20.723930691876603,2412.060265004354,358.8949684166626,3.430950373828393e-18,3.4539604627469342e-18,-2.3010088918540994e-20,20.724775136209182,2411.8237574002974,-2.2140894940055174e-20,3.4530912687684475e-18,20.738625434647254
4953.376,20.72463341293073,2411.9775623688633,358.9769683310991,3.4409585388215745e-18,3.4646534634089316e-18,-2.3694924587357498e-20,20.725502989960592,2411.7403225688263,-2.3053665091915637e-20,3.46401220391349e-18,20.739924274306997
4956.971,20.725326331797728,2411.8945816306446,359.0592561504511,3.4511442897133946e-18,3.475541544944645e-18,-2.439725523124993e-20,20.726221683570746,2411.6565962765967,-2.3982881465959037e-20,3.475127171179353e-18,20.741224241805533
4960.562,20.7260102151008,2411.811317085099,359.14183681269355,3.4614928416867582e-18,3.486611096218943e-18,-2.5118254532184444e-20,20.726932026735646,2411.5725737510224,-2.492985196614011e-20,3.486422693652898e-18,20.742526965001822
4964.146,20.72668584330735,2411.727763471275,359.2247147983111,3.471989115077417e-18,3.497848129168081e-18,-2.5859014090664813e-20,20.72763483998321,2411.4882506889758,-2.5895803483128187e-20,3.497884918560545e-18,20.743834031908655
4967.734,20.72735400798178,2411.6439159820334,359.30789412287805,3.4826177737601234e-18,3.509238315170803e-18,-2.6620541410679466e-20,20.728330951852097,2411.40362326446,-2.68818794238223e-20,3.509499653183946e-18,20.745146986326056
4971.317,20.72801550904317,2411.55977027302,359.3913783308301,3.493363263713361e-18,3.5207670218391555e-18,-2.7403758125795016e-20,20.729021196084304,2411.3186881350634,-2.788913748585086e-20,3.5212524011992114e-18,20.746467323641717
4974.909000000001,20.728671152035066,2411.4753224704336,359.47517049042455,3.5042098516589345e-18,3.532419350129777e-18,-2.82094984708427e-20,20.72970640883885,2411.233442447187,-2.891854768266257e-20,3.533128399341597e-18,20.747796486809275
4978.502,20.729321745414868,2411.3905691775894,359.55927318988904,3.515141663673943e-18,3.544180171677051e-18,-2.903850800310769e-20,20.730387425934254,2411.1478838400503,-2.9970990624331506e-20,3.545112654298273e-18,20.74913586251532
4982.084,20.729968097869786,2411.30550748027,359.6436885347532,3.526142723674274e-18,3.556034166250139e-18,-2.989144257586539e-20,20.731065080126793,2411.0620104484788,-3.1047256058014953e-20,3.557189979732288e-18,20.750486777544673
4985.674,20.730611015666796,2411.2201349508728,359.7284181463533,3.537196991670145e-18,3.567965859236738e-18,-3.0768867566593064e-20,20.731740198432167,2410.975820904483,-3.214804167157408e-20,3.569345033341719e-18,20.751850495353608
4989.263,20.731251300043375,2411.1344496513498,359.81346316149984,3.5482884016963795e-18,3.57995965905753e-18,-3.1671257361149893e-20,20.732413599497278,2410.889314337638,-3.327395216272121e-20,3.581562353859101e-18,20.753228212859366
4992.846,20.731889744646285,2411.0484501349547,359.8988242332921,3.5594008993223735e-18,3.5919998944171276e-18,-3.2598995094753143e-20,20.733086091029516,2410.802490374279,-3.442549857563244e-20,3.593826397898006e-18,20.754621057454447
4996.436,20.732527133024888,2410.9621354468045,359.98450153306374,3.570518478649104e-18,3.604070851298413e-18,-3.355237264930921e-20,20.733758467289984,2410.7153491355293,-3.560309790560314e-20,3.6061215765547076e-18,20.756030084252515
5000.022,20.733164236185754,2410.87550512327,360.0704947534373,3.581625218703131e-18,3.616156809609352e-18,-3.4531590906221073e-20,20.73443150665737,2410.627891234183,-3.6807072971889504e-20,3.61843229167502e-18,20.757456273572746
5003.622,20.733801810215155,2410.7885591902113,360.15680311246695,3.592705319140695e-18,3.628242079393692e-18,-3.5536760252997675e-20,20.735105969269043,2410.5401177704584,-3.803765255806165e-20,3.630742971698756e-18,20.758900528668708
5007.213,20.73444059397533,2410.701298160075,360.24342535884267,3.603743135177881e-18,3.640311036518596e-18,-3.656790134071596e-20,20.735782594745114,2410.452030326655,-3.9294971817801716e-20,3.643038106995683e-18,20.760363673706273
5010.795999999999,20.735081306880804,2410.613723027884,360.33035977812824,3.614723211666544e-18,3.652348157755781e-18,-3.7624946089237327e-20,20.736462100001646,2410.3636309607373,-4.057907294398038e-20,3.655302284610524e-18,20.76184645199537
5014.383,20.735724646760467,2410.5258352661294,360.4176042000033,3.62563031613712e-18,3.664338055051705e-18,-3.870773891458536e-20,20.737145177157768,2410.2749221988834,-4.1889906076117246e-20,3.667520222213237e-18,20.763349524464772
5017.97,20.736371287810677,2410.4376368186054,360.5051560064774,3.6364494708828665e-18,3.6762655090876115e-18,-3.9816038204744925e-20,20.737832491542953,2410.18590702702,-4.322733047344455e-20,3.679676801356312e-18,20.764873468403167
5021.559,20.737021878644832,2410.3491300932087,360.5930121410394,3.6471659840108554e-18,3.6881155020482124e-18,-4.094951803735711e-20,20.738524679809615,2410.096588881379,-4.4591115947816797e-20,3.6917570999586716e-18,20.766418776468132
5025.147,20.73767704044405,2410.260317953739,360.6811691187102,3.6577654793898184e-18,3.6998732495216215e-18,-4.2107770131802924e-20,20.739222348155433,2410.006971638112,-4.5980944549599314e-20,3.703746423939418e-18,20.767985855963076
5028.731,20.738337365208896,2410.1712037107463,360.76962303693796,3.66823392542886e-18,3.711524231452996e-18,-4.3290306024136375e-20,20.739926070654892,2409.9170596020203,-4.73964124948461e-20,3.7156303379237055e-18,20.769575028374305
5032.326,20.739003414123076,2410.0817911114455,360.85836958732455,3.678557662626002e-18,3.723054222087171e-18,-4.449655946116938e-20,20.740636387710847,2409.8268574944177,-4.883703233173255e-20,3.727394694957733e-18,20.771186529177832
5035.92,20.73967571603286,2409.9920843287223,360.94740406813816,3.688723429829496e-18,3.734449318833891e-18,-4.57258890043949e-20,20.7413538046295,2409.7363704401605,-5.0302235337446946e-20,3.739025665166943e-18,20.772820507913725
5039.517,20.740354766045627,2409.9020879492796,361.03672139756816,3.698718389159967e-18,3.7456959699936506e-18,-4.697758083368309e-20,20.742078790321838,2409.6456039538944,-5.1791374135851263e-20,3.7505097632958196e-18,20.774477028525016
5043.105,20.74104102425029,2409.8118069609636,361.1263161276797,3.7085301495457916e-18,3.7567810012857754e-18,-4.825085173998351e-20,20.742811776133873,2409.554563925566,-5.330372552548089e-20,3.761833875071272e-18,20.77615606995704
5046.698,20.74173491456227,2409.7212467393115,361.2161824590193,3.718146788829223e-18,3.7676916411252206e-18,-4.954485229599701e-20,20.743553154808012,2409.4632566052387,-5.483849350714197e-20,3.772985282336365e-18,20.77785752701269
5050.281,20.74243682369514,2409.630413033372,361.30631425582595,3.727556874404994e-18,3.778415544598043e-18,-5.0858670193048535e-20,20.744303279577128,2409.3716885872695,-5.639481249950596e-20,3.7839516869045e-18,20.779581211458027
5053.8679999999995,20.743147100260746,2409.5393119508317,361.396705061801,3.736749482358641e-18,3.788940816090825e-18,-5.2191333732183696e-20,20.745062463392802,2409.2798667938905,-5.797175073091529e-20,3.7947212330895566e-18,20.781326853372278
5057.451,20.74386605399897,2409.4479499425092,361.48734811638525,3.745714215075915e-18,3.799256030532652e-18,-5.354181545673704e-20,20.74583097828842,2409.1877984582434,-5.95683137946641e-20,3.805282528870578e-18,20.783094102734953
5061.035,20.74459395513825,2409.356333786257,361.578236371498,3.7544412172998744e-18,3.8093502532134996e-18,-5.490903591362525e-20,20.74660905487771,2409.095491106928,-6.118344835504033e-20,3.815624665654915e-18,20.78488253124269
5064.63,20.745331033887272,2409.2644705703206,361.66936250868537,3.762921190616978e-18,3.819213058147094e-18,-5.629186753011569e-20,20.747396881988703,2409.0029525421014,-6.28160459908047e-20,3.825737236607783e-18,20.786691634347534
5068.224,20.746077480057966,2409.1723676762044,361.760718956631,3.771145406358066e-18,3.828834544950559e-18,-5.768913859249329e-20,20.74819460643276,2408.910190823191,-6.446494716241052e-20,3.835610353520476e-18,20.788520833507654
5071.818,20.74683344281935,2409.080032761096,361.8522979089776,3.779105716904893e-18,3.838205354217805e-18,-5.909963731291282e-20,20.749002332907654,2408.8172142482626,-6.612894528900501e-20,3.8452346621938984e-18,20.79036947864081
5075.412,20.747599030581707,2408.9874737399014,361.9440913424103,3.786794565397724e-18,3.847316681368256e-18,-6.05221159705328e-20,20.74982012403371,2408.724031335111,-6.780679092110018e-20,3.854601356318824e-18,20.792236850770728
5078.996,20.74837431100968,2408.8946987669315,362.03609103495194,3.794204993843766e-18,3.8561602889566325e-18,-6.195529511286686e-20,20.750648000521117,2408.6306508020994,-6.949719599446863e-20,3.863702189838235e-18,20.79412216485543
5082.58,20.74915931116297,2408.8017162173082,362.1282885844217,3.801330649630789e-18,3.864728517433989e-18,-6.33978678032002e-20,20.751485941466466,2408.5370815488322,-7.119883815072931e-20,3.8725294877815186e-18,20.796024572786543
5086.174,20.74995401776243,2408.708534668123,362.22067542700785,3.808165790454922e-18,3.873014294354833e-18,-6.484850389991038e-20,20.752333884775915,2408.4433326366825,-7.291036510999171e-20,3.8810761555649146e-18,20.797943166547782
5089.768,20.750758377579437,2408.6151628794078,362.31324285590586,3.814705287675576e-18,3.881011142029165e-18,-6.630585435358939e-20,20.75319172771224,2408.3494132692376,-7.463039908096398e-20,3.889335686756539e-18,20.799876981520747
5093.351,20.751572297945664,2408.521609774973,362.40598203997473,3.820944622475431e-18,3.888713176998765e-18,-6.776855452333328e-20,20.75405932752634,2408.255332773173,-7.635754020292314e-20,3.897302162678355e-18,20.801824999269552
5096.942,20.752395647380126,2408.427884423148,362.4988840423649,3.826879888651617e-18,3.8961151175716306e-18,-6.923522892001392e-20,20.75493650225832,2408.1611005784794,-7.809037144234911e-20,3.904970260093966e-18,20.803786151405063
5100.535,20.75322825633027,2408.3339960174912,362.5919398390716,3.832507793666138e-18,3.9032122895537246e-18,-7.070449588758593e-20,20.755823031650415,2408.0667261987765,-7.982746344511697e-20,3.912335257111257e-18,20.805759323533046
5104.129,20.754069917780424,2408.2399538589016,362.6851403362113,3.837825657993739e-18,3.910000630017111e-18,-7.217497202337199e-20,20.75671865791763,2407.97221921317,-8.156737910312168e-20,3.919393037096861e-18,20.80774335888154
5107.72,20.75492038831388,2408.1457673358077,362.77847638877125,3.842831412809148e-18,3.91647668958772e-18,-7.364527677857173e-20,20.757623086978676,2407.877589246282,-8.330867837620275e-20,3.92614009118535e-18,20.80973706254813
5111.309,20.755779389270064,2408.0514459045066,362.87193881911634,3.847523596059134e-18,3.922637633014148e-18,-7.511403695501443e-20,20.758535989778146,2407.782845948551,-8.504992302433726e-20,3.93257351908347e-18,20.811739205782356
5114.898,20.756646607992387,2407.9569990696855,362.965518435215,3.8519013469691845e-18,3.9284812380566165e-18,-7.657989108743177e-20,20.759457003695214,2407.6879989768313,-8.678968123858344e-20,3.938691028207768e-18,20.813748530291324
5118.49,20.757521699161806,2407.8624363651866,363.0592060485449,3.8559643990361715e-18,3.934005892735992e-18,-7.804149369982042e-20,20.760385734033385,2407.5930579753435,-8.852653215841426e-20,3.944490931194585e-18,20.81576375255528
5122.077,20.75840428621116,2407.76776733504,363.15299249164184,3.8597130715606004e-18,3.939210590986033e-18,-7.949751942543246e-20,20.76132175558603,2407.4980325570086,-9.025907026410883e-20,3.949972141824709e-18,20.817783568140833
5125.666,20.7592939628149,2407.673001514822,363.2468686352563,3.863148259775256e-18,3.944094926755282e-18,-8.094666698002492e-20,20.762264614271942,2407.4029322852057,-9.198590963285799e-20,3.9551341694081146e-18,20.819806655998896
5129.25,20.760190294448762,2407.578148413361,363.3408254050834,3.866271423629358e-18,3.948659086608267e-18,-8.238766297890924e-20,20.76321382883506,2407.307766655989,-9.370568804817029e-20,3.9599771116775286e-18,20.821831682735095
5132.837,20.761092820013793,2407.4832174948433,363.4348537980363,3.869084575289833e-18,3.952903840878608e-18,-8.381926558877493e-20,20.764168892602562,2407.212545080797,-9.541707095256746e-20,3.9645016462424e-18,20.823857306840466
5136.420999999999,20.762001053518624,2407.3882181613453,363.52894489802884,3.871590265423326e-18,3.956830533429032e-18,-8.524026800570618e-20,20.765129275294726,2407.117276869685,-9.711875523393575e-20,3.9687090206572624e-18,20.825882182869872
5140.005,20.762914485814342,2407.293159735835,363.6230898912439,3.87379156832457e-18,3.9604410700764696e-18,-8.664950175190002e-20,20.766094424880823,2407.021971215123,-9.880947283705352e-20,3.972601041161624e-18,20.82790496555712
5143.596,20.763832586375532,2407.198051445661,363.7172800808568,3.875692065958344e-18,3.963737905742141e-18,-8.804583978379714e-20,20.76706376947421,2406.926637176359,-1.0048799419194152e-19,3.976180060150285e-18,20.82992431385464
5147.183,20.764754805121427,2407.1029024065815,363.81150690119006,3.877295830983938e-18,3.966724030389137e-18,-8.942819940519948e-20,20.768036719260387,2406.831283664416,-1.0215313145152653e-19,3.979448962435464e-18,20.831938894886893
5150.776,20.765680574270707,2407.0077216073432,363.9057619312793,3.878607408831786e-18,3.969402953811478e-18,-9.079554497969324e-20,20.769012668451353,2406.73591942771,-1.0380374153191539e-19,3.982411150363701e-18,20.833947387806564
5154.373,20.766609310223853,2406.912517894843,364.0000369078261,3.87963179890353e-18,3.971778689340939e-18,-9.214689043740866e-20,20.769990997259924,2406.640553038328,-1.0543872894924613e-19,3.985070527852775e-18,20.835948487543494
5157.975,20.767540415466435,2406.817299959906,364.0943237375207,3.880374434967162e-18,3.973855736538866e-18,-9.348130157170403e-20,20.77097107388735,2406.5451928789903,-1.0705704844761265e-19,3.987431483414774e-18,20.837940908436188
5161.572,20.76847328048727,2406.7220763236883,364.1886145087177,3.8808411648195395e-18,3.975639062941986e-18,-9.479789812244559e-20,20.77195225651789,2406.4498471307047,-1.0865770741375492e-19,3.989498872233294e-18,20.839923387736924
5165.166,20.76940728570506,2406.626855324738,364.2829015024502,3.881038229289044e-18,3.977134084932022e-18,-9.609585564297847e-20,20.772933895313976,2406.3545237611356,-1.1023976807453889e-19,3.991277997363582e-18,20.84189468898154
5168.759,20.770341803397223,2406.5316451067265,364.37717720276976,3.880972240651172e-18,3.978346647799918e-18,-9.737440714874504e-20,20.77391533440556,2406.259230513703,-1.1180234947416775e-19,3.9927745901253394e-18,20.84385360521564
5172.351,20.77127619962498,2406.436453606869,364.4714343063994,3.880650160529805e-18,3.979283005076224e-18,-9.863284454641866e-20,20.774895913867645,2406.163974897415,-1.1334462922878687e-19,3.993994789758592e-18,20.845798962069708
5175.938,20.77220983614844,2406.3412885450493,364.56566573169573,3.880078989616218e-18,3.97994946615914e-18,-9.987047654292313e-20,20.775874970090655,2406.068764200124,-1.1486580147437033e-19,3.9949447910905885e-18,20.84772959182369
5179.525,20.773142072325943,2406.2461574136587,364.6598646269085,3.879266157944441e-18,3.980352850189577e-18,-1.010866922451354e-19,20.776851840013837,2405.973605447285,-1.163651411929283e-19,3.9956312991373695e-18,20.849644377879816
5183.11,20.774072255768576,2406.1510675436775,364.7540243134471,3.878219491105932e-18,3.980500442838823e-18,-1.0228095173289172e-19,20.77782585143383,2405.878505470997,-1.1784199316295396e-19,3.996061484268886e-18,20.851542238159084
5186.696,20.774999740126542,2406.0560259895237,364.84813838324305,3.876947176564279e-18,3.980399974039696e-18,-1.0345279747541711e-19,20.778796341209958,2405.7834707963766,-1.192957864016857e-19,3.996242962965966e-18,20.853422152340965
5190.288,20.77592388666311,2405.9610395229333,364.9422007032971,3.875457730144211e-18,3.980059583179347e-18,-1.0460185303513595e-19,20.779762656790666,2405.68850763782,-1.2072603311464119e-19,3.996183763258852e-18,20.855283162732707
5193.878,20.77684406579248,2405.866114627542,365.0362054195588,3.873759962766964e-18,3.9794877843607955e-18,-1.057278215938316e-19,20.780724157697254,2405.5936218959655,-1.2213232745981894e-19,3.995892290226784e-18,20.857124374980014
5197.465999999999,20.77775965857721,2405.771257494169,365.1301469601474,3.871862947497637e-18,3.978693431803698e-18,-1.0683048430605998e-19,20.781680216960897,2405.4988191553457,-1.235143441308374e-19,3.995377291628474e-18,20.858944958617755
5201.05,20.778670058180786,2405.676474016795,365.2240200379172,3.8697759869697205e-18,3.977685685455137e-18,-1.0790969848541658e-19,20.782630222508658,2405.4041046827206,-1.248718367639629e-19,3.994647823733684e-18,20.86074414745947
5204.633,20.77957467127624,2405.5817697892235,365.31781965239355,3.867508581254471e-18,3.976473976889208e-18,-1.089653956347374e-19,20.783573578499798,2405.309483426073,-1.2620463618030953e-19,3.993713217434781e-18,20.8625212398341
5208.224,20.780472919399838,2405.4871501024277,365.4115410910653,3.8650703962405405e-18,3.975067975563146e-18,-1.0999757932260496e-19,20.784509706601543,2405.2149600142657,-1.2751264846391593e-19,3.992583044704457e-18,20.86427559865947
5211.809,20.781364240251374,2405.3926199425796,365.5051799300624,3.86247123258559e-18,3.9734775555036284e-18,-1.1100632291803687e-19,20.78543804720625,2405.1205387573546,-1.287958528878443e-19,3.9912670854734354e-18,20.866006651362156
5215.391,20.782248088930952,2405.2981839897548,365.59873203420744,3.859720995298925e-18,3.971712762485714e-18,-1.1199176718678875e-19,20.786358060579964,2405.0262236475364,-1.3005429969023068e-19,3.989775294989156e-18,20.867713889634807
5218.99,20.783123939109387,2405.2038466173267,365.692193556457,3.856829664010774e-18,3.9697837817687815e-18,-1.129541177580089e-19,20.787269227939863,2404.932018360757,-1.312881077085457e-19,3.988117771719319e-18,20.869396869033704
5222.58,20.78399128412984,2405.109611892013,365.7855609367502,3.853807263980569e-18,3.967700906451231e-18,-1.138936424706626e-19,20.78817105245849,2404.8379262589206,-1.3249746188128374e-19,3.986304725861853e-18,20.871055208420188
5226.17,20.784849638038313,2405.015483574576,365.8788309002784,3.8506638378933515e-18,3.965474506502425e-18,-1.1481066860907312e-19,20.789063060192824,2404.7439503927126,-1.3368261062605636e-19,3.984346448519408e-18,20.872688589249556
5229.763,20.78569853654115,2404.921465121153,365.9720004551991,3.847409418489868e-18,3.963114998527124e-18,-1.1570558003725576e-19,20.789944800936574,2404.6500935050003,-1.3484386310360221e-19,3.982253281593471e-18,20.87429675471189
5233.358,20.78653753788781,2404.8275596851945,366.06506688981057,3.844054002072661e-18,3.9606328163145976e-18,-1.1657881424193672e-19,20.79081584899447,2404.5563580347884,-1.359815863774096e-19,3.980035588450071e-18,20.875879508729493
5236.95,20.787366223677306,2404.7337701200063,366.1580277692093,3.840607522926847e-18,3.958038382220827e-18,-1.174308592939803e-19,20.791675803877183,2404.462746121718,-1.3709620247849512e-19,3.9777037254053424e-18,20.877436714815726
5240.54,20.78818419958757,2404.6400989818553,366.25088093145,3.837079828690899e-18,3.955342079429504e-18,-1.1826225073860508e-19,20.792524290916546,2404.369259611075,-1.3818818538571218e-19,3.975268014076612e-18,20.878968294801204
5244.138000000001,20.788991096026336,2404.546548533634,366.3436244832328,3.833480656709201e-18,3.952554225133251e-18,-1.1907356842405007e-19,20.793360961800072,2404.275900059289,-1.3925805793110757e-19,3.972738714640309e-18,20.880474227432487
5247.731,20.789786568703533,2404.45312074905,366.4362567951394,3.8298196113947795e-18,3.949685044674017e-18,-1.1986543327923777e-19,20.79418549502508,2404.1826687398943,-1.4030638864097317e-19,3.970126000035753e-18,20.88195454685009
5251.326,20.79057029912437,2404.3598173173286,366.52877649644006,3.8261061426268376e-18,3.946744646676987e-18,-1.2063850405014924e-19,20.794997596272008,2404.089566649935,-1.4133378852225978e-19,3.967439931149098e-18,20.883409340951555
5254.920999999999,20.79134199500343,2404.266639648391,366.6211824694989,3.8223495252047135e-18,3.943742999209936e-18,-1.2139347400522225e-19,20.795796998697625,2403.996594516775,-1.4234090780482724e-19,3.964690433009541e-18,20.88483874964675
5258.514,20.792101390599843,2404.1735888784933,366.7134738437999,3.818558839375951e-18,3.940689906995551e-18,-1.2213106761959946e-19,20.79658346314847,2403.9037528052995,-1.4332843264944074e-19,3.961887272025391e-18,20.886242963011988
5262.113,20.792848246974053,2404.0806658762995,366.8056499896194,3.814728969627637e-18,3.93757915856037e-18,-1.2285018893273175e-19,20.797356710464474,2403.8110428094988,-1.4429522129627913e-19,3.959024190923917e-18,20.887620987656167
5265.709,20.793581858543455,2403.9878750232547,366.897707231095,3.8108744675505144e-18,3.934426495702775e-18,-1.235520281522597e-19,20.79811607874231,2403.7184678329086,-1.4524235513331348e-19,3.956116822683828e-18,20.888972838141218
5269.305,20.79430224083244,2403.895215173361,366.98964669869946,3.807009173446706e-18,3.931247453075101e-18,-1.2423827962839433e-19,20.79886164568711,2403.626025665806,-1.4617154383721856e-19,3.953180717283925e-18,20.890299661665267
5272.894,20.79500942734774,2403.8026850113124,367.0814696742327,3.8031462124545716e-18,3.928056803288946e-18,-1.2491059083437362e-19,20.799593505266024,2403.5337139813414,-1.4708445292896804e-19,3.950230665383539e-18,20.891602594066747
5276.482,20.79570346950045,2403.71028305906,367.1731775843323,3.799297986304595e-18,3.924868545253145e-18,-1.2557055894855054e-19,20.800311767504787,2403.4415303428996,-1.4798270031371464e-19,3.947280686618309e-18,20.892882757456462
5280.076,20.79638443647588,2403.618007682563,367.26477199385437,3.79547617456494e-18,3.9216959035434065e-18,-1.2621972897846663e-19,20.801016558288747,2403.3494722108953,-1.4886785436419492e-19,3.9443440289291356e-18,20.894141258819694
5283.668000000001,20.797052415052658,2403.525857098696,367.356254599144,3.791691737250988e-18,3.918551329262569e-18,-1.2685959201158142e-19,20.80170801911776,2403.257536949623,-1.49741432123443e-19,3.941433169374431e-18,20.895379188646785
5287.26,20.797707509615,2403.4338293809083,367.4476272223699,3.78795491875398e-18,3.9154465025362714e-18,-1.2749158378229168e-19,20.80238630706588,2403.165721832743,-1.5060489785796428e-19,3.938559816611944e-18,20.896597619987777
5290.858,20.79834984176994,2403.3419224669706,367.53889180415297,3.7842752530422175e-18,3.912392336147492e-18,-1.2811708310527443e-19,20.803051594341078,2403.0740240507807,-1.5145966141140936e-19,3.9357349144536266e-18,20.897797606982262
5294.451,20.798979549925086,2403.250134166794,367.6300503961738,3.780661570086373e-18,3.909398980535726e-18,-1.2873741044935266e-19,20.80370406781069,2402.982440718603,-1.5230707669340407e-19,3.932968646779777e-18,20.898980183439505
5298.0419999999995,20.799596788828694,2403.1584621702827,367.72110515378165,3.77712200346046e-18,3.906475830114972e-18,-1.2935382665451266e-19,20.80434392849437,2402.8909688828376,-1.531484403064948e-19,3.930270443766954e-18,20.900146361472498
5301.64,20.800201729073844,2403.0669040552034,367.81205832861616,3.773663999066578e-18,3.903631530860012e-18,-1.2996753179343416e-19,20.804971391026513,2402.7996055292238,-1.5398499031288035e-19,3.927648989379459e-18,20.901297130188887
5305.238,20.800794556568974,2402.975457295063,367.9029122612614,3.770294324931842e-18,3.900873989110945e-18,-1.305796641791025e-19,20.805586683090368,2402.7083475898876,-1.5481790514288416e-19,3.925112230074727e-18,20.902433454442285
5308.8330000000005,20.801375471976463,2402.8841192669706,367.99366937394615,3.767019082022798e-18,3.898210381541458e-18,-1.311912995186595e-19,20.80619004482555,2402.61719195052,-1.5564830264559584e-19,3.922667384668394e-18,20.903556273645915
5312.428000000001,20.80194469012165,2402.792887259465,368.0843321633068,3.7638437160218085e-18,3.895647166235487e-18,-1.318034502136786e-19,20.806781728211394,2402.526135457447,-1.564772392822877e-19,3.920320955304096e-18,20.904666500651405
5316.021,20.80250243937441,2402.701758480292,368.1749031932263,3.760773030009371e-18,3.893190094815636e-18,-1.3241706480626504e-19,20.807361996428202,2402.435174924576,-1.57305709462336e-19,3.9180787394717075e-18,20.90576502069461
5319.619000000001,20.803048961005597,2402.6107300641224,368.26538508776537,3.757811197995566e-18,3.890844225565806e-18,-1.330330275702397e-19,20.80793112319868,2402.344307140215,-1.5813464502129247e-19,3.915945843016859e-18,20.906852690410556
5323.201,20.803584508520764,2402.5197990801757,368.35578052419703,3.754961779243789e-18,3.888613937489971e-18,-1.336521582461822e-19,20.808489392111937,2402.253528873734,-1.5896491484026943e-19,3.913926694084058e-18,20.907930336919346
5326.783,20.804109346973586,2402.4289625397596,368.4460922261597,3.75222773332959e-18,3.88650294524833e-18,-1.3427521191873953e-19,20.809037095932407,2402.1628368820825,-1.5979732460542855e-19,3.912025057935019e-18,20.90899875698464
5330.38,20.80462375226139,2402.338217403691,368.5363229569409,3.749611435877554e-18,3.884514314911778e-18,-1.3490287903422335e-19,20.80957453589601,2402.0722279161296,-1.6063261670598416e-19,3.910244052583538e-18,20.910058716245995
5333.973000000001,20.80512801040521,2402.2475605895866,368.6264755129016,3.747114694919038e-18,3.882650480475201e-18,-1.3553578555616262e-19,20.810102020995945,2401.9816987268264,-1.6147147026877423e-19,3.9085861651878126e-18,20.911110948526293
5337.566,20.805622416816927,2402.1569889790208,368.71655271705544,3.7447387678142285e-18,3.880913261070311e-18,-1.3617449325608193e-19,20.810619867260474,2401.891246071183,-1.62314501327052e-19,3.90705326914128e-18,20.912156155215108
5341.159000000001,20.80610727555581,2402.0664994245276,368.80655741280964,3.7424843786822036e-18,3.879303878818733e-18,-1.368195001365307e-19,20.81112839702499,2401.8008667180497,-1.6316226312090363e-19,3.905646641803107e-18,20.913195004728717
5344.74,20.80658289857692,2401.9760887564344,368.89649245788183,3.740351736283143e-18,3.877822977266084e-18,-1.374712409829408e-19,20.8116279382007,2401.7105574536877,-1.6401524652623665e-19,3.904366982809381e-18,20.914228132047107
5348.328,20.807049604973816,2401.8857537895233,368.98636071839616,3.738340552297825e-18,3.876470640338507e-18,-1.381300880406826e-19,20.81211882354214,2401.620315087132,-1.6487388060908906e-19,3.903214432906913e-18,20.915256138328274
5351.91,20.807486649198047,2401.795671806432,369.0760056572632,3.738340552297974e-18,3.877357590916766e-18,-1.3901703861879202e-19,20.812588417853057,2401.5301723707003,-1.6595713499328574e-19,3.9042976872912596e-18,20.916403365433442
5355.495,20.80792369342227,2401.7055898233407,369.16565059613015,3.738340552297974e-18,3.8782445414948676e-18,-1.3990398919689312e-19,20.813058012163967,2401.440029654269,-1.6704038937747482e-19,3.905380941675449e-18,20.9175505925386
5359.081,20.808360737646495,2401.6155078402494,369.2552955349972,3.738340552297974e-18,3.879131492072966e-18,-1.407909397749923e-19,20.813527606474878,2401.3498869378373,-1.6812364376166045e-19,3.906464196059635e-18,20.918697819643757
5362.6669999999995,20.80879778187072,2401.525425857158,369.3449404738642,3.738340552297974e-18,3.8800184426510675e-18,-1.4167789035309338e-19,20.81399720078579,2401.2597442214055,-1.6920689814584954e-19,3.9075474504438235e-18,20.919845046748915
5366.259,20.809234826094944,2401.4353438740673,369.4345854127312,3.738340552297974e-18,3.880905393229164e-18,-1.425648409311906e-19,20.8144667950967,2401.1696015049747,-1.702901525300331e-19,3.9086307048280074e-18,20.92099227385407
5369.843000000001,20.809671870319164,2401.345261890976,369.52423035159825,3.738340552297974e-18,3.8817923438072635e-18,-1.4345179150928975e-19,20.814936389407606,2401.079458788543,-1.713734069142194e-19,3.9097139592121936e-18,20.922139500959222
5373.4259999999995,20.810108914543388,2401.255179907884,369.6138752904653,3.738340552297974e-18,3.8826792943853666e-18,-1.443387420873928e-19,20.815405983718517,2400.989316072111,-1.7245666129840951e-19,3.910797213596384e-18,20.923286728064383
5377.012,20.810545958767612,2401.165097924793,369.7035202293323,3.738340552297974e-18,3.883566244963468e-18,-1.4522569266549388e-19,20.815875578029427,2400.899173355679,-1.7353991568259825e-19,3.911880467980572e-18,20.92443395516954
5380.604,20.810983002991836,2401.075015941702,369.7931651681993,3.738340552297974e-18,3.884453195541566e-18,-1.461126432435911e-19,20.816345172340338,2400.8090306392482,-1.746231700667811e-19,3.912963722364755e-18,20.925581182274694
5384.188,20.81142004721606,2400.984933958611,369.88281010706635,3.738340552297974e-18,3.885340146119668e-18,-1.4699959382169416e-19,20.816814766651248,2400.7188879228165,-1.7570642445097228e-19,3.914046976748946e-18,20.92672840937985
5387.774,20.81185709144028,2400.8948519755195,369.9724550459334,3.738340552297974e-18,3.886227096697766e-18,-1.4788654439979139e-19,20.817284360962155,2400.628745206385,-1.7678967883515584e-19,3.915130231133131e-18,20.927875636485005
5391.359,20.812294135664505,2400.804769992428,370.0620999848004,3.738340552297974e-18,3.887114047275865e-18,-1.4877349497789054e-19,20.817753955273062,2400.5386024899535,-1.7787293321934144e-19,3.916213485517315e-18,20.929022863590156
5394.95,20.81273117988873,2400.714688009337,370.1517449236674,3.738340552297974e-18,3.8880009978539686e-18,-1.4966044555599357e-19,20.818223549583973,2400.448459773522,-1.7895618760353155e-19,3.917296739901506e-18,20.930170090695313
5398.543000000001,20.813168224112953,2400.624606026246,370.24138986253445,3.738340552297974e-18,3.888887948432065e-18,-1.505473961340908e-19,20.818693143894883,2400.3583170570905,-1.800394419877158e-19,3.918379994285691e-18,20.93131731780047
5402.137,20.813605268337174,2400.5345240431548,370.3310348014015,3.738340552297974e-18,3.8897748990101615e-18,-1.5143434671218802e-19,20.81916273820579,2400.2681743406592,-1.8112269637189934e-19,3.919463248669874e-18,20.93246454490562
5405.738,20.814042312561398,2400.444442060063,370.4206797402685,3.738340552297974e-18,3.890661849588265e-18,-1.5232129729029107e-19,20.8196323325167,2400.178031624227,-1.8220595075609017e-19,3.920546503054065e-18,20.93361177201078
5409.3330000000005,20.814479356785622,2400.3543600769717,370.5103246791355,3.738340552297974e-18,3.891548800166368e-18,-1.532082478683941e-19,20.82010192682761,2400.0878889077953,-1.8328920514028134e-19,3.9216297574382555e-18,20.93475899911594
5412.924,20.814916401009846,2400.264278093881,370.59996961800255,3.738340552297974e-18,3.892435750744466e-18,-1.5409519844649132e-19,20.820571521138522,2399.9977461913645,-1.8437245952446418e-19,3.9227130118224386e-18,20.935906226221093
5416.513000000001,20.81535344523407,2400.1741961107896,370.68961455686957,3.738340552297974e-18,3.893322701322567e-18,-1.549821490245924e-19,20.821041115449432,2399.907603474933,-1.8545571390865224e-19,3.923796266206627e-18,20.93705345332625
5420.102,20.81579048945829,2400.0841141276983,370.7792594957366,3.738340552297974e-18,3.894209651900661e-18,-1.558690996026877e-19,20.82151070976034,2399.817460758501,-1.8653896829283474e-19,3.924879520590809e-18,20.9382006804314
5423.687,20.816227533682515,2399.994032144607,370.8689044346036,3.738340552297974e-18,3.895096602478765e-18,-1.5675605018079075e-19,20.82198030407125,2399.7273180420693,-1.8762222267702554e-19,3.925962774975e-18,20.93934790753656
5427.281999999999,20.81666457790674,2399.903950161516,370.95854937347065,3.738340552297974e-18,3.895983553056863e-18,-1.5764300075888798e-19,20.82244989838216,2399.6371753256385,-1.887054770612084e-19,3.9270460293591825e-18,20.940495134641715
5430.8730000000005,20.817101622130963,2399.8138681784244,371.04819431233767,3.738340552297974e-18,3.896870503634965e-18,-1.58529951336991e-19,20.82291949269307,2399.5470326092063,-1.897887314453992e-19,3.928129283743373e-18,20.941642361746872
5434.474,20.817538666355187,2399.723786195333,371.1378392512047,3.738340552297974e-18,3.8977574542130664e-18,-1.594169019150921e-19,20.823389087003978,2399.4568898927746,-1.908719858295876e-19,3.929212538127562e-18,20.942789588852026
5438.069,20.817975710579407,2399.633704212242,371.2274841900717,3.738340552297974e-18,3.8986444047911656e-18,-1.6030385249319126e-19,20.823858681314885,2399.3667471763433,-1.9195524021377324e-19,3.930295792511748e-18,20.94393681595718
