time/s,smt_CO2,smt_HCO3,smt_O2,PS_rate,Ub,Uc,cyt_CO2
5735.043000000001,24.243469177278563,2549.995122237835,362.22351799004576,1.949649965289463e-18,1.1909807284383952e-18,7.586692368510677e-19,23.74238778800437
5738.628000000001,24.183654969487563,2549.9968190418235,362.28163539384815,1.949649965289463e-18,1.1590416415198633e-18,7.906083237695994e-19,23.661478640194826
5742.210999999999,24.123840761696563,2549.998515845812,362.3397527976506,1.949649965289463e-18,1.1271025546013316e-18,8.225474106881312e-19,23.580569492385283
5745.804,24.06402655390556,2550.000212649801,362.397870201453,1.949649965289463e-18,1.0951634676827983e-18,8.544864976066645e-19,23.499660344575737
5749.4,24.00421234611456,2550.0019094537897,362.4559876052554,1.949649965289463e-18,1.0632243807642666e-18,8.864255845251963e-19,23.418751196766195
5752.99,23.94439813832356,2550.003606257778,362.5141050090578,1.949649965289463e-18,1.0312852938457363e-18,9.183646714437266e-19,23.337842048956652
5756.588000000001,23.88458393053256,2550.0053030617664,362.5722224128602,1.949649965289463e-18,9.993462069272044e-19,9.503037583622584e-19,23.25693290114711
5760.182,23.82476972274156,2550.006999865755,362.6303398166626,1.949649965289463e-18,9.674071200086753e-19,9.822428452807874e-19,23.176023753337567
5763.774,23.76495551495056,2550.008696669744,362.688457220465,1.949649965289463e-18,9.354680330901421e-19,1.0141819321993208e-18,23.095114605528025
5767.359,23.705141307159558,2550.0103934737326,362.74657462426745,1.949649965289463e-18,9.035289461716088e-19,1.0461210191178539e-18,23.014205457718475
5770.944,23.645327099368558,2550.012090277721,362.80469202806984,1.949649965289463e-18,8.715898592530771e-19,1.0780601060363858e-18,22.933296309908933
5774.531999999999,23.585512891577558,2550.0137870817093,362.8628094318723,1.949649965289463e-18,8.396507723345482e-19,1.1099991929549148e-18,22.852387162099394
5778.118,23.52569868378656,2550.015483885698,362.92092683567466,1.949649965289463e-18,8.077116854160178e-19,1.141938279873445e-18,22.77147801428985
5781.7,23.46588447599556,2550.017180689687,362.97904423947705,1.949649965289463e-18,7.757725984974846e-19,1.1738773667919782e-18,22.69056886648031
5785.286,23.406070268204555,2550.0188774936755,363.0371616432795,1.949649965289463e-18,7.438335115789513e-19,1.2058164537105113e-18,22.60965971867076
5788.87,23.346256060413555,2550.020574297664,363.0952790470819,1.949649965289463e-18,7.118944246604208e-19,1.237755540629042e-18,22.528750570861217
5792.4580000000005,23.286441852622556,2550.0222711016527,363.1533964508843,1.949649965289463e-18,6.799553377418892e-19,1.2696946275475735e-18,22.447841423051674
5796.0380000000005,23.226627644831556,2550.023967905641,363.2115138546867,1.949649965289463e-18,6.480162508233601e-19,1.3016337144661025e-18,22.366932275242135
5799.621,23.166813437040556,2550.02566470963,363.2696312584891,1.949649965289463e-18,6.160771639048268e-19,1.3335728013846358e-18,22.28602312743259
5803.210999999999,23.106999229249553,2550.0273615136184,363.3277486622915,1.949649965289463e-18,5.841380769862937e-19,1.3655118883031692e-18,22.205113979623043
5806.803000000001,23.047185021458553,2550.029058317607,363.3858660660939,1.949649965289463e-18,5.521989900677633e-19,1.3974509752216996e-18,22.1242048318135
5810.395,22.987370813667553,2550.0307551215956,363.44398346989635,1.949649965289463e-18,5.202599031492315e-19,1.4293900621402311e-18,22.043295684003958
5813.991,22.927556605876553,2550.032451925584,363.50210087369874,1.949649965289463e-18,4.883208162307012e-19,1.4613291490587617e-18,21.962386536194415
5817.596,22.867742398085554,2550.0341487295727,363.5602182775011,1.949649965289463e-18,4.563817293121694e-19,1.4932682359772934e-18,21.881477388384873
5821.187,22.807928190294554,2550.0358455335613,363.61833568130356,1.949649965289463e-18,4.2444264239363895e-19,1.5252073228958237e-18,21.80056824057533
5824.767,22.748113982503547,2550.03754233755,363.67645308510595,1.9496499652894263e-18,3.925035554750652e-19,1.5571464098143608e-18,21.719659092765777
5828.353,22.68861301917718,2550.037433126994,363.73606325898817,1.959606549437536e-18,3.729375648849877e-19,1.5866689845525484e-18,21.64065923315338
5831.946,22.62920610182569,2550.0367806183,363.7961226850338,1.970183173928412e-18,3.5419547707745584e-19,1.615987696850956e-18,21.56188806537941
5835.534000000001,22.56989786856042,2550.0355612544195,363.85665028217954,1.98138538897191e-18,3.362885801358602e-19,1.64509680883605e-18,21.483354017272127
5839.12,22.51069303647771,2550.0337513898226,363.91766497885914,1.9932167769123413e-18,3.1922592332415625e-19,1.673990853588185e-18,21.405065416686764
5842.705,22.45159640035739,2550.031327310299,363.9791856945032,2.005678897354117e-18,3.030142475349667e-19,1.7026646498191498e-18,21.32703048050987
5846.293000000001,22.392612831327202,2550.028265252671,364.0412313211607,2.0187712342233934e-18,2.876579176490747e-19,1.731113316574319e-18,21.24925730361335
5849.892,22.333747275494936,2550.024541424384,364.1038207052806,2.032491144839448e-18,2.7315885689021646e-19,1.7593322879492312e-18,21.171753847766688
5853.485,22.27500475255054,2550.020132022926,364.1669726296825,2.046833811065129e-18,2.5951648325498142e-19,1.7873173278101476e-18,21.094527930516488
5857.085,22.21639035433981,2550.015013255072,364.2307057957479,2.0617921926012695e-18,2.4672764809226514e-19,1.8150645445090045e-18,21.017587214041342
5860.678000000001,22.15790924341183,2550.0091613558857,364.2950388058622,2.0773569824856493e-18,2.3478657690288447e-19,1.842570405582765e-18,20.94093919399071
5864.271,22.099566651541654,2550.0025526074783,364.3599901461393,2.093516564852321e-18,2.2368481242423763e-19,1.8698317524280832e-18,20.86459118831539
5867.861,22.041367878230233,2549.9951633574774,364.42557816945174,2.110256975002551e-18,2.1341116006057575e-19,1.8968458149419754e-18,20.78855032609763
5871.46,21.983318289182915,2549.9869700371764,364.49182107880017,2.1275618618340995e-18,2.0395163571429676e-19,1.9236102261198033e-18,20.712823536388065
5875.044,21.92542331476844,2549.9779491793474,364.5587369110436,2.1454124526705665e-18,1.9528941606863644e-19,1.95012303660193e-18,20.637417537057
5878.6269999999995,21.867688448459486,2549.9680774356825,364.62634352101736,2.163787520528042e-18,1.8740479136701844e-19,1.9763827291610232e-18,20.562338823666494
5882.206,21.810119245255226,2549.9573315938524,364.69465856605194,2.1826633538515812e-18,1.8027512072900698e-19,2.0023882331225746e-18,20.487593658368507
5885.785,21.752721320086394,2549.945688594162,364.7636994909106,2.2020137287493642e-18,1.7387479003787965e-19,2.0281389387114844e-18,20.413188058834443
5889.37,21.695500346202415,2549.933125545805,364.83348351315175,2.2218098837476073e-18,1.6817517242926575e-19,2.0536347113183415e-18,20.33912778721976
5892.951999999999,21.63846205354058,2549.9196197426913,364.9040276089275,2.2420204970565667e-18,1.6314459137395997e-19,2.078875905682607e-18,20.26541833916551
5896.536,21.581612227077283,2549.9051486788535,364.97534849922897,2.2626116663527143e-18,1.5874828636498648e-19,2.103863379987728e-18,20.19206493284015
5900.116999999999,21.524956705160974,2549.8896900634113,365.04746263658694,2.2835468910494197e-18,1.549483811821965e-19,2.1285985098672228e-18,20.1190724980218
5903.704000000001,21.46850138044423,2549.873221814618,365.12038621009754,2.3047870570434203e-18,1.5170385621896695e-19,2.1530832008244536e-18,20.0464456688274
5907.289000000001,21.412252199059903,2549.855722067024,365.19413513907557,2.326290423920118e-18,1.4897052237168333e-19,2.177319901548435e-18,19.9741887740941
5910.87,21.356215159825105,2549.8371691778775,365.2687250674565,2.348012614596237e-18,1.4670099749123387e-19,2.201311617105003e-18,19.90230582787083
5914.454000000001,21.30039631347294,2549.8175417327384,365.3441713589481,2.369906655214507e-18,1.4484474109888685e-19,2.2250619141156204e-18,19.83080052522956
5918.045999999999,21.244795689131216,2549.7968573067865,365.4204564092419,2.3919229831780503e-18,1.4334462700382624e-19,2.248578356174224e-18,19.759667899740112
5921.63,21.18941754757678,2549.7751070505756,365.4975848070072,2.4141087668641822e-18,1.4226287421783153e-19,2.2718458926463507e-18,19.688922152733753
5925.226,21.134266103545492,2549.7522828918136,365.57556040980035,2.4364430068205347e-18,1.4157910600397498e-19,2.29486390081656e-18,19.618567910233757
5928.819,21.079345523487735,2549.7283775390797,365.6543863425923,2.4589045613357375e-18,1.412726946532716e-19,2.3176318666824655e-18,19.548609678175783
5932.411,21.02465992338328,2549.7033844842626,365.73406499751326,2.481472212778573e-18,1.4132283405976648e-19,2.3401493787188066e-18,19.479051844341384
5936.0,20.97021336661477,2549.6772980037404,365.8145980348046,2.5041247348612002e-18,1.417086135114235e-19,2.3624161213497768e-18,19.409898680542852
5939.585999999999,20.916009861899354,2549.650113158299,365.8959863849606,2.5268409607055305e-18,1.424090925679987e-19,2.3844318681375317e-18,19.341154345053663
5943.1759999999995,20.862053361277454,2549.6218257918413,365.97823025204076,2.5495998515912708e-18,1.4340337689583763e-19,2.4061964746954327e-18,19.272822885277883
5946.776,20.808347758157733,2549.592432528874,366.0613291181281,2.5723805662634334e-18,1.4467069492894995e-19,2.427709871334483e-18,19.204908240651953
5950.368,20.754896885416837,2549.561930770829,366.1452817489137,2.5951625306771016e-18,1.4619047522515342e-19,2.4489720554519485e-18,19.137414245771552
5953.95,20.701704513552656,2549.53031869123,366.2300862003766,2.6179255080570035e-18,1.4794242438593104e-19,2.4699830836710725e-18,19.07034463373639
5957.531,20.648774348889386,2549.4975952297377,366.3157398265323,2.6406496691500653e-18,1.4990660540892502e-19,2.49074306374114e-18,19.003703039705044
5961.121,20.59611003183285,2549.4637600851047,366.4022392882219,2.66331566254938e-18,1.520635163423178e-19,2.5112521462070617e-18,18.937493004652328
5964.6990000000005,20.543715135174125,2549.4288137070807,366.4895805629045,2.6859046849691717e-18,1.5439416911120069e-19,2.5315105158579707e-18,18.871717979320874
5968.281,20.491593162439777,2549.392757287296,366.5777589554239,2.7083985513521904e-18,1.568801683882151e-19,2.5515183829639753e-18,18.80638132835929
5971.861,20.439747546286654,2549.3555927491584,366.66676910971466,2.730779764692193e-18,1.5950379038172435e-19,2.571275974310468e-18,18.74148633463854
5975.446,20.38818164693942,2549.3173227368093,366.7566050214107,2.7530315854565857e-18,1.6224806141747522e-19,2.5907835240391102e-18,18.677036203738783
5979.031,20.33689875066881,2549.27795060317,366.8472600513204,2.775138100495869e-18,1.650968361911887e-19,2.610041264304681e-18,18.613034068598537
5982.6269999999995,20.285902068250717,2549.23748039762,366.9387269392886,2.7970842913290695e-18,1.6803487553895287e-19,2.629049415790117e-18,18.54948299423833
5986.227,20.235194733441826,2549.1959168530248,367.03099781869275,2.818856101696423e-18,1.7104792362940405e-19,2.6478081780670193e-18,18.486385982602958
5989.819,20.18477980141082,2549.1532653726613,367.124064231087,2.8404405042733656e-18,1.741227844290057e-19,2.6663177198443598e-18,18.42374597743321
5993.409000000001,20.134660247159633,2549.109532016768,367.21791714123214,2.8618255664423998e-18,1.7724739734927504e-19,2.684578169093124e-18,18.361565869209493
5996.995,20.08483896393086,2549.064723488766,367.3125469524627,2.88300051506809e-18,1.8041091201829316e-19,2.702589603049797e-18,18.299848500161698
6000.585,20.03531876159697,2549.0188471212305,367.4079435223322,2.9039558002387475e-18,1.8360376213920498e-19,2.7203520380995425e-18,18.238596669340325
6004.169,19.986102488291824,2548.971909990506,367.5040969263616,2.9246831579117144e-18,1.8681780828087688e-19,2.7378653496308377e-18,18.177813307181918
6007.749,19.937192945369894,2548.9239194910965,367.6009969686928,2.9451756714040734e-18,1.9004636242229425e-19,2.7551293089817795e-18,18.11750136606621
6011.329000000001,19.88859288779773,2548.874883308306,367.698633209056,2.965425657332692e-18,1.932816815121837e-19,2.7721439758205082e-18,18.057663561550502
6014.92,19.84030502454505,2548.824809390831,367.7969949897832,2.9854261365774868e-18,1.96516712799032e-19,2.7889094237784546e-18,17.99830255397284
6018.509,19.792332018970846,2548.773705923386,367.896071462803,3.005170836571661e-18,1.9974509676937804e-19,2.8054257398022832e-18,17.939420949266214
6022.098000000001,19.74467648920036,2548.7215812994064,367.99585161655295,3.0246541911500325e-18,2.0296116740913755e-19,2.8216930237408946e-18,17.881021299608236
6025.691999999999,19.69734100848828,2548.6684440939252,368.09632430274587,3.043871337954574e-18,2.0615994978251395e-19,2.83771138817206e-18,17.823106103898905
6029.286,19.65032810556462,2548.6143030366643,368.1974782629302,3.0628181134025115e-18,2.0933715493054706e-19,2.8534809584719645e-18,17.7656778080605
6032.866999999999,19.603640264958926,2548.5591669854184,368.29930215478214,3.0814910452280846e-18,2.1248917209713032e-19,2.8690018731309543e-18,17.708738805153285
6036.456999999999,19.557279927299458,2548.5030448997886,368.40178457807133,3.0998873426144666e-18,2.1561305829674474e-19,2.884274284317722e-18,17.652291435302033
6040.045999999999,19.511249489583793,2548.445945815329,368.50491410024637,3.118004883938279e-18,2.1870652524459503e-19,2.8992983586936838e-18,17.596337985428775
6043.63,19.465551305417655,2548.3878788181605,368.6086792815811,3.135842202154136e-18,2.217679236754029e-19,2.914074278478733e-18,17.54088068878771
6047.215,19.420187685219,2548.32885302011,368.7130686998307,3.1533984678524113e-18,2.247962250835653e-19,2.928602242768846e-18,17.485921724299054
6050.8009999999995,19.375160896384557,2548.268877534428,368.8180709743471,3.1706734700279273e-18,2.277910009223809e-19,2.942882469105547e-18,17.431463215679
6054.385,19.330473163416567,2548.2079614521413,368.92367478960176,3.1876675946029108e-18,2.307523993064269e-19,2.9569151952964843e-18,17.377507230363985
6057.979,19.28612666800861,2548.146113819064,369.0298689180866,3.204381800751701e-18,2.3368111926645444e-19,2.9707006814852467e-18,17.32405577822949
6061.571999999999,19.242123549089136,2548.0833436135263,369.1366422425437,3.2208175950797133e-18,2.365783826113306e-19,2.9842392124683828e-18,17.271110810103217
6065.166,19.198465902822935,2548.01965972483,369.2439837775062,3.236977003713386e-18,2.394459034571856e-19,2.9975311002562e-18,17.218674216075218
6068.765,19.155155782570088,2547.955070932477,369.35188269011195,3.2528625423623622e-18,2.422858554882756e-19,3.010576686874087e-18,17.16674782360667
6072.357,19.112195198803718,2547.8895858861765,369.46032832017903,3.268477184418693e-18,2.4510083701910776e-19,3.023376347399585e-18,17.115333395441684
6075.956999999999,19.06958611898726,2547.823213086657,369.5693101995151,3.2838243271613894e-18,2.4789383393060416e-19,3.0359304932307845e-18,17.064432627325914
6079.559,19.02733046741242,2547.7559608672996,369.67881807044756,3.298907756135969e-18,2.506681805548304e-19,3.048239575581139e-18,17.014047145536253
6083.151999999999,18.985430124999247,2547.6878373766062,369.7888419035537,3.3137316077525425e-18,2.534275185531412e-19,3.0603040891994012e-18,16.964178504224012
6086.75,18.94388692644255,2547.618850581998,369.89937189671883,3.328300330165744e-18,2.561757523610283e-19,3.072124577804716e-18,16.914828178971582
6090.346,18.902702659061124,2547.549008260886,370.0103984852126,3.3426186425018196e-18,2.589170037544516e-19,3.0837016387473682e-18,16.86599756256336
6093.938,18.861879061568064,2547.478317992933,370.12191235065814,3.35669149249866e-18,2.61655564589583e-19,3.0950359279090767e-18,16.81768796051955
6097.525,18.821417822764065,2547.406787153501,370.2339044288943,3.3705240623795086e-18,2.643959057411129e-19,3.1061281566383955e-18,16.76990059181353
6101.1140000000005,18.781320580156162,2547.334422908278,370.34636591672484,3.3841217415654416e-18,2.6714264741623576e-19,3.116979094149206e-18,16.7226365859065
6104.698,18.741588918504736,2547.2612322090918,370.45928827756256,3.3974900993418625e-18,2.6990052943589676e-19,3.1275895699059652e-18,16.675896979719024
6108.2880000000005,18.70222436830172,2547.1872217908876,370.5726632459698,3.4106348575730183e-18,2.7267438158904087e-19,3.1379604759839773e-18,16.629682714550405
6111.88,18.663228404183528,2547.112398169869,370.68648283110707,3.4235618635575317e-18,2.7546909416457295e-19,3.148092769392959e-18,16.58399463295691
6115.48,18.624602443282193,2547.036767642779,370.80073931909834,3.436277063116565e-18,2.7828958876432793e-19,3.157987474352237e-18,16.53883347560022
6119.069,18.586347843518798,2546.9603362873117,370.9154252743288,3.448786474004534e-18,2.8114078949856494e-19,3.1676456845059693e-18,16.494199878077776
6122.664000000001,18.54846590184332,2546.8831099636227,371.0305335396934,3.461096159730787e-18,2.8402759466394645e-19,3.1770685650668408e-18,16.450094367746733
6126.254,18.510957852425385,2546.8050943169246,371.14605723580974,3.473212203878267e-18,2.869548490013392e-19,3.186257354876927e-18,16.406517360553607
6129.8330000000005,18.47382486480056,2546.726294781133,371.26198975922557,3.485140685003189e-18,2.8992731662867924e-19,3.1952133683745094e-18,16.363469157881504
6133.431,18.437068041976968,2546.6467165835475,371.3783247796349,3.496887652197326e-18,2.929496547413268e-19,3.203937997455999e-18,16.32094994342701
6137.016,18.400688418507325,2546.5663647505144,371.49505623613754,3.508459101391744e-18,2.960263881695858e-19,3.2124327132221577e-18,16.278959780118868
6140.616,18.364686958531387,2546.4852441140665,371.6121783325615,3.51986095247817e-18,2.991618848797848e-19,3.2206990675983852e-18,16.23749860709029
6144.21,18.329064553794158,2546.403359319483,371.72968553188235,3.531099027321217e-18,3.023603325023351e-19,3.228738694818882e-18,16.196566236716897
6147.811,18.293822021645084,2546.320714833747,371.8475725497675,3.542179028731354e-18,3.056257159662467e-19,3.236553312765107e-18,16.15616235173191
6151.395,18.258960103023643,2546.237314954858,371.9658343472777,3.5531065204659e-18,3.089617963167484e-19,3.2441447241491514e-18,16.116286502430142
6154.978,18.224479460436648,2546.1531638219667,372.08446612275606,3.563886908321143e-18,3.1237209078796815e-19,3.251514817533175e-18,16.07693810397199
6158.566999999999,18.19038067593278,2546.0682654262837,372.2034633029429,3.5745254223768515e-18,3.1585985420058656e-19,3.2586655681762646e-18,16.03811643379865
6162.143,18.156664249079522,2545.9826236227373,372.322821533343,3.5850271004508164e-18,3.194280617500815e-19,3.265599038700735e-18,15.999820629168969
6165.731,18.12333059500612,2545.896242141819,372.4425366683339,3.595396772818772e-18,3.2307939328233883e-19,3.2723173795364345e-18,15.962049684908946
6169.316999999999,18.090380042479836,2545.809124601926,372.56260476075335,3.605639048252098e-18,3.268162190944626e-19,3.2788228291576358e-18,15.924802451331544
6172.91,18.057812832022226,2545.7212745221195,372.68302205101753,3.6157583014226296e-18,3.306405873181745e-19,3.2851177141044554e-18,15.8880776323388
6176.5019999999995,18.025629114071467,2545.632695335282,372.80378495580635,3.625758661721154e-18,3.3455421293932404e-19,3.29120444878183e-18,15.851873783716947
6180.092,17.993828947197095,2545.543390401597,372.9248900563653,3.6356440023447945e-18,3.385584671417282e-19,3.297085535203066e-18,15.8161893115205
6183.677,17.962412296373163,2545.453363022322,373.0463340864642,3.6454179304358714e-18,3.4265436787310163e-19,3.3027635625627696e-18,15.781022470627512
6187.259,17.931379031315686,2545.362616453786,373.16811392005764,3.6550837782762474e-18,3.4684257163778063e-19,3.308241206638467e-18,15.746371363472216
6190.851,17.90072892489028,2545.271153921577,373.2902265586919,3.6646445955377536e-18,3.511233665170202e-19,3.3135212290207328e-18,15.712233938961152
6194.44,17.870461651595466,2545.1789786348654,373.4126691186985,3.674103142585761e-18,3.554966664133752e-19,3.318606476172386e-18,15.678607991577838
6198.026,17.840576786127084,2545.086093800813,373.53543881821895,3.683461884830032e-18,3.599620065123419e-19,3.3234998783176904e-18,15.645491160680853
6201.613,17.81107380202904,2544.9925026390274,373.65853296410273,3.692722988113501e-18,3.645185399503713e-19,3.328204448163129e-18,15.61288092999947
6205.201,17.781952070435263,2544.8982083960045,373.78194893871995,3.7018883151269645e-18,3.6916503567514626e-19,3.3327232794518186e-18,15.580774627330385
6208.786999999999,17.753210858907757,2544.803214359525,373.90568418672694,3.710959422834456e-18,3.738998774803392e-19,3.3370595453541174e-18,15.54916942443873
6212.371999999999,17.724849330375008,2544.707523872956,374.0297362018284,3.71993756089149e-18,3.7872106419387395e-19,3.3412164966976164e-18,15.518062337165533
6215.959,17.696866542175236,2544.611140349413,374.1541025135716,3.728823671035856e-18,3.8362621099591536e-19,3.345197460039941e-18,15.487450225743824
6219.54,17.66926144520823,2544.5140672857383,374.27878067421324,3.7376183874277125e-18,3.886125518392609e-19,3.349005835588452e-18,15.457329795324464
6223.13,17.642032883199573,2544.416308276266,374.40376824569375,3.7463220379139384e-18,3.936769429425845e-19,3.352645094971354e-18,15.427697596712477
6226.714,17.615179592080686,2544.317867026323,374.5290627867563,3.754934646189065e-18,3.988158673240784e-19,3.3561187788649866e-18,15.398550027314236
6230.295,17.588700199487718,2544.218747365426,374.65466184024524,3.763455934823246e-18,4.0402544034058295e-19,3.359430494482663e-18,15.369883332294886
6233.882,17.562593224382244,2544.1189532601593,374.78056292061774,3.771885329125792e-18,4.0930141619511247e-19,3.3625839129306796e-18,15.341693605945334
6237.468000000001,17.536857076796224,2544.0184888266635,374.90676350169963,3.780221961810822e-18,4.146391953733443e-19,3.365582766437478e-18,15.313976793257282
6241.048000000001,17.511490057702286,2543.917358342748,375.0332610047093,3.788464678430078e-18,4.2003383296700686e-19,3.368430845463071e-18,15.286728691702653
6244.639,17.48649035901067,2543.8155662595777,375.16005278657116,3.7966120435362456e-18,4.2548004784055324e-19,3.3711319956956925e-18,15.25994495321417
6248.226,17.46185606369419,2543.713117212919,375.28713612854636,3.804662347538697e-18,4.3097223259588135e-19,3.3736901149428146e-18,15.233621086363726
6251.815,17.437585146041975,2543.610016033913,375.4145082252046,3.812613614212326e-18,4.365044642882447e-19,3.376109149924081e-18,15.207752458734307
6255.404,17.41367547204256,2543.506267759362,375.5421661737551,3.820463608818545e-18,4.420705158446366e-19,3.3783930929739083e-18,15.182334299480921
6258.999,17.390124799896643,2543.401877641499,375.6701069637639,3.828209846826522e-18,4.476638681686983e-19,3.3805459786578232e-18,15.157361702078193
6262.590999999999,17.366930780659455,2543.2968511572312,375.7983274672689,3.835849603203051e-18,4.532777228937425e-19,3.3825718803093082e-18,15.132829627250043
6266.170999999999,17.34409095901236,2543.191194016829,375.92682442931834,3.8433799222398925e-18,4.589050157460295e-19,3.3844749064938627e-18,15.108732906076693
6269.758000000001,17.321602774163207,2543.0849121720516,376.0555944589445,3.850797627887029e-18,4.645384304800093e-19,3.38625919740702e-18,15.085066243274033
6273.358,17.299463560874425,2542.9780118236968,376.1846340205885,3.858099334560842e-18,4.7017041334762275e-19,3.3879289212132193e-18,15.061824220639789
6276.95,17.27767055061779,2542.870499428548,376.3139394259938,3.865281458396093e-18,4.757931880638948e-19,3.389488270332198e-18,15.039001300661038
6280.543000000001,17.256220872854428,2542.762381705728,376.44350682657694,3.872340228911164e-18,4.813987712314069e-19,3.390941457679757e-18,15.016591830277097
6284.137,17.235111556438554,2542.653665642431,376.5733322062901,3.8792717010563325e-18,4.86978988186871e-19,3.3922927128694617e-18,14.99459004479192
6287.736999999999,17.214339531142826,2542.5443584990307,376.7034113749861,3.886071767615172e-18,4.925254892331944e-19,3.393546278381978e-18,14.972990071929523
6291.325,17.193901629303493,2542.434467813562,376.8337399622936,3.8927361719299296e-18,4.980297662214222e-19,3.3947064057085076e-18,14.951785936026285
6294.9169999999995,17.173794587582858,2542.324001405563,376.9643134120134,3.899260520922068e-18,5.034831694473334e-19,3.3957773514747343e-18,14.930971562353447
6298.504,17.154015048846645,2542.2129673792715,377.0951269770413,3.905640298379976e-18,5.088769248284779e-19,3.3967633735514983e-18,14.910540781563277
6302.094,17.134559564153612,2542.101374126181,377.22617571482505,3.911870878486274e-18,5.142021513279116e-19,3.3976687271583617e-18,14.890487334252182
6305.682,17.115424594854563,2541.9892303269435,377.3574544833613,3.917947539557992e-18,5.19449878592049e-19,3.3984976609659427e-18,14.870804875634015
6309.278,17.096606514797628,2541.876544952626,377.48895793773573,3.923865477973492e-18,5.246110647705631e-19,3.399254413202929e-18,14.851486980316587
6312.875,17.078101612636967,2541.7633272653115,377.62068052721065,3.929619822260826e-18,5.29676614487668e-19,3.3999432077731578e-18,14.832527147174925
6316.468000000001,17.059906094241402,2541.649586818052,377.7526164928663,3.9352056473227054e-18,5.346373969344151e-19,3.4005682503882913e-18,14.813918804314188
6320.064,17.042016085199776,2541.5353334541674,377.8847598657921,3.940617988774355e-18,5.394842640531642e-19,3.4011337247211915e-18,14.795655314115603
6323.656999999999,17.024427633419563,2541.4205773059025,378.0171044658373,3.945851857370807e-18,5.442080687858397e-19,3.4016437885849667e-18,14.777729978358732
6327.243,17.007136711815246,2541.305328792428,378.14964390091586,3.950902253501367e-18,5.487996833590085e-19,3.4021025701423587e-18,14.760136043413441
6330.8369999999995,16.990139221082785,2541.189598617207,378.28237156686976,3.955764181729342e-18,5.532500175792465e-19,3.402514164150096e-18,14.742866705494887
6334.429,16.97343099255663,2541.0733977647137,378.4152806478889,3.9604326653552294e-18,5.575500371127576e-19,3.4028826282424714e-18,14.725915115975116
6338.019,16.957007791145493,2540.9567374965254,378.5483641174888,3.9649027609819824e-18,5.616907817235997e-19,3.403211979258382e-18,14.709274386744745
6341.607,16.940865318343207,2540.839629346773,378.6816147400432,3.969169573061141e-18,5.656633834453656e-19,3.4035061896157746e-18,14.6929375956184
6345.194,16.92499921531083,2540.7220851169786,378.8150250728697,3.973228268399198e-18,5.694590846618372e-19,3.403769183737361e-18,14.676897791777536
6348.781999999999,16.90940506602629,2540.604116870265,378.94858746886814,3.977074090603483e-18,5.730692560723343e-19,3.4040048345311477e-18,14.661148001244612
6352.376,16.894078400497705,2540.4857369249544,379.08229407970725,3.980702374447475e-18,5.764854145182292e-19,3.404216959929245e-18,14.64568123238243
6355.969,16.879014698036567,2540.366957847567,379.2161368595561,3.984108560135167e-18,5.796992406468737e-19,3.4044093194882938e-18,14.630490481412659
6359.555,16.864209390587057,2540.247792445215,379.3501075693573,3.987288207444652e-18,5.827025963901316e-19,3.40458561105452e-18,14.615568737947779
6363.135,16.849657866107613,2540.1282537574143,379.4841977816377,3.9902370097309446e-18,5.854875422344488e-19,3.404749467496496e-18,14.600908990530593
6366.72,16.835355472001023,2540.008355047308,379.61839888584996,3.99295080776806e-18,5.880463542597176e-19,3.4049044535083427e-18,14.58650423217571
6370.307,16.821297518589244,2539.888109792328,379.7527020942422,3.9954256034105976e-18,5.9037154092442185e-19,3.405054062486175e-18,14.572347465907393
6373.9,16.80747928262924,2539.7675316742834,379.8870984482469,3.997657573054737e-18,5.924558595744736e-19,3.4052017134802642e-18,14.558431710288424
6377.4890000000005,16.793896010866117,2539.6466345689087,380.02157882538427,3.999643080878737e-18,5.942923326532344e-19,3.4053507482255022e-18,14.544750004934524
6381.076,16.780542923619784,2539.5254325348674,380.1561339466723,4.001378691842796e-18,5.958742635902947e-19,3.405504428252501e-18,14.531295416009078
6384.666,16.76741521840161,2539.4039398022223,380.29075438453555,4.0028611844279284e-18,5.971952523463225e-19,3.4056659320816055e-18,14.518061041693054
6388.2519999999995,16.75450807355738,2539.282170760398,380.425430571204,4.0040875630935775e-18,5.9824921059148585e-19,3.4058383525020914e-18,14.505040017624994
6391.848000000001,16.741816651932897,2539.1601399456326,380.56015280759385,4.005055070433317e-18,5.990303764946001e-19,3.4060246939387166e-18,14.492225522305931
6395.443,16.729336104558705,2539.037862027942,380.69491127265877,4.005761199007848e-18,5.995333291001115e-19,3.4062278699077358e-18,14.479610782464354
6399.043000000001,16.71706157435038,2538.9153517976065,380.8296960332028,4.006203702834423e-18,5.997530022699899e-19,3.4064507005644326e-18,14.467189078376286
6402.635,16.70498819982086,2538.792624151196,380.9644970541427,4.006380608511473e-18,5.996846981671831e-19,3.4066959103442897e-18,14.454953749135559
6406.218000000001,16.69311111880125,2538.6696940771512,381.09930420920676,4.00629022595709e-18,5.993241002572962e-19,3.406966125699794e-18,14.442898197869415
6409.804,16.681425472166662,2538.5465766409325,381.2341072920602,4.005931158740079e-18,5.986672858051597e-19,3.4072638729349194e-18,14.431015896894591
6413.385,16.66992640756363,2538.4232869697566,381.3688960278391,4.005302313981923e-18,5.977107378426802e-19,3.407591576139243e-18,14.419300392809216
6416.968000000001,16.658609083135627,2538.299840236941,381.50366008508286,4.004402911808366e-18,5.964513565846342e-19,3.4079515552237332e-18,14.407745311515633
6420.556,16.647468671243136,2538.1762516458693,381.63838908804695,4.003232494328663e-18,5.948864702683958e-19,3.4083460240602673e-18,14.396344363169264
6424.143,16.636500362175017,2538.052536413605,381.7730726293793,4.001790934120698e-18,5.930138453938073e-19,3.4087770887268903e-18,14.385091347048945
6427.732,16.62569936784755,2537.928709754165,381.90770028314665,4.000078442200097e-18,5.908316963391433e-19,3.4092467458609534e-18,14.373980156343679
6431.311,16.615060925487768,2537.804786861484,382.04226161818747,3.998095575451422e-18,5.883386943290926e-19,3.40975688112233e-18,14.363004782850972
6434.891,16.604580301297638,2537.680782892084,382.17674621177764,3.995843243499612e-18,5.855339757308389e-19,3.4103092677687733e-18,14.352159321581953
6438.473000000001,16.594252794095674,2537.556712947478,382.3111436635857,3.993322715000063e-18,5.824171496543721e-19,3.410905565345691e-18,14.341437975268358
6442.064,16.58407373893236,2537.43259205633,382.4454436098973,3.990535623326e-18,5.789883048333883e-19,3.4115473184926123e-18,14.330835058766255
6445.658,16.574038510676022,2537.3084351563953,382.579635738088,3.987483971631919e-18,5.752480157633854e-19,3.412235955868534e-18,14.320345003351687
6449.2480000000005,16.564142527565526,2537.184257076274,382.7137098013198,3.984170137272652e-18,5.711973480741039e-19,3.412972789198548e-18,14.309962360903057
6452.835999999999,16.55438125472624,2537.060072516994,382.84765563343916,3.980596875557786e-18,5.668378631137958e-19,3.4137590124439902e-18,14.299681807965188
6456.427,16.544750207645652,2536.9358960334635,382.98146316405007,3.976767322821995e-18,5.621716217234464e-19,3.4145957010985484e-18,14.289498149689823
6460.014,16.535244955605002,2536.8117420158173,383.11512243373727,3.972684998792296e-18,5.572011871797155e-19,3.415483811612581e-18,14.279406323647507
6463.597,16.525861125063248,2536.687624670684,383.24862360941233,3.9683538082345504e-18,5.519296272864969e-19,3.416424180948053e-18,14.269401403505487
6467.185,16.516594402989643,2536.5635580024145,383.38195699975523,3.963778041861759e-18,5.463605155953379e-19,3.4174175262664203e-18,14.259478602566444
6470.774,16.507440540141197,2536.4395557942958,383.5151130707227,3.958962376488312e-18,5.404979317366433e-19,3.4184644447516685e-18,14.249633277162824
6474.356,16.4983953542811,2536.315631589786,383.6480824610927,3.953911874415145e-18,5.343464608442033e-19,3.4195654135709407e-18,14.239860929901274
6477.939,16.48945473333451,2536.191798673807,383.78085599801767,3.948631982032122e-18,5.279111920573478e-19,3.420720789974774e-18,14.230157212752221
6481.53,16.480614638477544,2536.0680700541293,383.9134247125527,3.943128527625158e-18,5.211977160859237e-19,3.421930811539234e-18,14.22051792997894
6485.116,16.471871107155838,2535.9444584428757,384.0457798551279,3.937407718385833e-18,5.142121218356474e-19,3.4231955965501856e-18,14.210939040902316
6488.701999999999,16.46322025602853,2535.820976238197,384.1779129109338,3.93147613660944e-18,5.069609920768237e-19,3.4245151445326158e-18,14.201416662495223
6492.285,16.454658283833872,2535.6976355061406,384.30981561518496,3.9253407350698005e-18,4.994513981422013e-19,3.425889336927599e-18,14.19194707180101
6495.875,16.44618147417237,2535.574447962757,384.4414799682298,3.9190088315609935e-18,4.916908936416089e-19,3.4273179379193846e-18,14.182526708170386
6499.456999999999,16.437786198203522,2535.451424956483,384.57289825047275,3.91248810259836e-18,4.836875071835247e-19,3.4288005954148357e-18,14.173152175311245
6503.04,16.429468917252763,2535.3285774508295,384.7040630370771,3.905786576273562e-18,4.754497340967784e-19,3.4303368421767835e-18,14.16382024314708
6506.619000000001,16.421226185324315,2535.2059160074214,384.83496721241335,3.898912624260506e-18,4.669865271472225e-19,3.431926097113283e-18,14.154527849478297
6510.206999999999,16.4130546515156,2535.0834507694276,384.9656039842162,3.8918749529715594e-18,4.583072862471933e-19,3.4335676667243657e-18,14.145272101441094
6513.791,16.404951062328927,2534.961191445416,385.0959668974145,3.884682593865805e-18,4.494218471581745e-19,3.43526074670763e-18,14.136050276758686
6517.379,16.396912263876235,2534.839147293685,385.2260498475979,3.877344892913427e-18,4.403404691896697e-19,3.4370044237237568e-18,14.126859824779997
6520.971,16.388935203972668,2534.717327107103,385.3558470940836,3.869871499223168e-18,4.3107382190055683e-19,3.438797677322612e-18,14.117698367301058
6524.56,16.38101693411489,2534.5957391984957,385.4853532725485,3.862272352842017e-18,4.216329708116736e-19,3.4406393820303433e-18,14.108563699164876
6528.158,16.37315461133999,2534.474391386628,385.61456340719116,3.854557671738991e-18,4.1202936214148324e-19,3.4425283095975074e-18,14.099453788635504
6531.745,16.365345499961112,2534.3532909828086,385.74347292238957,3.8467379379876924e-18,4.022748065798535e-19,3.4444631314078395e-18,14.09036677754272
6535.335999999999,16.357586973175817,2534.232444778167,385.8720776538167,3.838823883164497e-18,3.923814621174933e-19,3.4464424210470035e-18,14.081300981193834
6538.93,16.349876514543407,2534.1118590316282,386.00037385898804,3.830826472982388e-18,3.8236181595219754e-19,3.4484646570301905e-18,14.072254888049471
6542.521,16.342211719327604,2533.9915394586315,386.1283582272001,3.822756891182598e-18,3.722286654955845e-19,3.4505282256870137e-18,14.063227159160865
6546.121999999999,16.33459029570094,2533.8714912206246,386.256027888834,3.8146265227091344e-18,3.6199509850728093e-19,3.4526314242018535e-18,14.054216627366182
6549.706,16.327010065807553,2533.751718915363,386.38338042398897,3.8064469361936715e-18,3.516744723864497e-19,3.4547724638072214e-18,14.045222296244173
6553.294,16.319468966681097,2533.632226568056,386.5104138704222,3.798229865780922e-18,3.4128039265350033e-19,3.456949473127421e-18,14.03624333882369
6556.88,16.31196505101472,2533.513017623386,386.6371267307587,3.789987192326992e-18,3.3082669065768706e-19,3.4591605016693045e-18,14.027279096048112
6560.469,16.30449648778017,2533.3940949384278,386.7635179789514,3.781730924354732e-18,3.203274009705326e-19,3.4614035233841993e-18,14.018329075041876
6564.056,16.297061562693447,2533.2754607765046,386.889587065961,3.773473178282999e-18,3.0979673787849986e-19,3.4636764404044993e-18,14.009392947108225
6567.648,16.289658678524443,2533.1571168020005,387.0153339246345,3.765226157983371e-18,2.9924907103597e-19,3.4659770869474007e-18,14.000470545460523
6571.236999999999,16.282286355248296,2533.039064076154,387.1407589737573,3.757002133720284e-18,2.8869890034236634e-19,3.468303233377918e-18,13.991561862690089
6574.825,16.274943230063517,2532.9213030537007,387.2658631213952,3.748813420531822e-18,2.7816083012402455e-19,3.470652590407797e-18,13.98266704801106
6578.419,16.2676280572353,2532.8038335806177,387.3906477673062,3.740672356110249e-18,2.676495426661958e-19,3.473022813444053e-18,13.973786404231593
6582.015,16.260339707763375,2532.686654892985,387.51511480441116,3.732591278242719e-18,2.571797711648908e-19,3.4754115070778285e-18,13.964920384456954
6585.605,16.2530771688738,2532.5697656169746,387.6392666193107,3.724582501873728e-18,2.4676627216979975e-19,3.477816229703928e-18,13.956069588530221
6589.196999999999,16.245839543334558,2532.453163769987,387.76310609183776,3.716658295852426e-18,2.364237975913089e-19,3.4802344982611174e-18,13.947234759217034
6592.789000000001,16.238626048594845,2532.336846762925,387.88663659363965,3.708830859428881e-18,2.2616706634602133e-19,3.48266379308286e-18,13.938416778141104
6596.39,16.23143601574865,2532.220811403627,388.0098619857836,3.701112298564565e-18,2.1601073571666946e-19,3.485101562847895e-18,13.92961666147806
6599.978,16.22426888832299,2532.105053901455,388.13278661538163,3.693514602123334e-18,2.059693725035762e-19,3.487545229619757e-18,13.920835555415213
6603.571999999999,16.217124220892003,2531.9895698730325,388.255415311235,3.686049618009811e-18,1.9605742404583206e-19,3.489992193963979e-18,13.912074731385871
6607.1669999999995,16.210001677518104,2531.874354349144,388.3777533784974,3.678729029322662e-18,1.8628918919112967e-19,3.4924398401315325e-18,13.903335581086957
6610.759,16.20290103002181,2531.759401782775,388.49980659236286,3.671564330590713e-18,1.7667878929397476e-19,3.494885541296739e-18,13.894619611289343
6614.344,16.195822156082325,2531.6447060582946,388.62158119078265,3.664566804159683e-18,1.6724013932193096e-19,3.4973266648377524e-18,13.885928438450804
6617.927,16.188765037171134,2531.5302605017705,388.7430838662181,3.657747496797618e-18,1.5798691915017576e-19,3.499760577647442e-18,13.877263783141915
6621.51,16.181729756321296,2531.416057892394,388.86432175644427,3.651117196586554e-18,1.4893254512414646e-19,3.502184651462407e-18,13.868627464295667
6625.102,16.174716495735588,2531.3020904750124,388.9853024344117,3.6446864101677025e-18,1.4009014197005183e-19,3.50459626819765e-18,13.860021393292197
6628.688,16.167725534236894,2531.1883499737346,389.10603389718796,3.638465340406334e-18,1.3147251513199228e-19,3.5069928252743425e-18,13.851447567890323
6632.275,16.16075724456463,2531.0748276066033,389.2265245539916,3.632463864542397e-18,1.230921236142831e-19,3.5093717409281145e-18,13.842908066017987
6635.865,16.153812090521342,2530.9615141012955,389.34678321334275,3.6266915128909814e-18,1.149610534058095e-19,3.511730459485172e-18,13.834405039434117
6639.460999999999,16.146890623974084,2530.8483997118346,389.4668190693505,3.6211574626743e-18,1.070910091829571e-19,3.514066453491343e-18,13.825940709323802
6643.047,16.139993481715415,2530.73547423628,389.58664168716405,3.615870511195339e-18,9.949328086092911e-20,3.51637723033441e-18,13.817517358785446
6646.638000000001,16.13312138218916,2530.6227270353575,389.706260987613,3.610839050290306e-18,9.217871161183116e-20,3.5186603386784745e-18,13.809137325306766
6650.232,16.126275123215848,2530.51014704542,389.82568723652366,3.606071042106611e-18,8.515766803986748e-20,3.520913374066743e-18,13.800802994789755
6653.835,16.119455577958423,2530.3977228018325,389.9449310253684,3.601573996251417e-18,7.844001101585928e-20,3.523133985235557e-18,13.792516793346131
6657.429,16.1126636907967,2530.2854424630423,390.0640032513207,3.597354948352479e-18,7.203506815514584e-20,3.525319880197333e-18,13.784281179154169
6661.022,16.105900473117053,2530.1732938352866,390.1829150967558,3.593420440061845e-18,6.595160797675235e-20,3.5274688320850934e-18,13.776098634388225
6664.609,16.09916699902383,2530.061264397905,390.3016780082306,3.589776500542844e-18,6.019781579348155e-20,3.5295786847493626e-18,13.767971657233556
6668.191999999999,16.092464400979505,2529.9493413291966,390.42030367498313,3.586428629477806e-18,5.478127137964815e-20,3.531647358098158e-18,13.75990275399954
6671.776999999999,16.085793865379895,2529.8375115327917,390.53880400698796,3.5833817816301774e-18,4.9708928458225396e-20,3.533672853171951e-18,13.751894431343008
6675.366,16.07915662807205,2529.725761664479,390.6571911126085,3.580640352991191e-18,4.498709604589319e-20,3.5356532569452975e-18,13.743949188614788
6678.9580000000005,16.07255396982213,2529.614078159447,390.7754772758901,3.578208168536683e-18,4.062142168893764e-20,3.537586746847746e-18,13.736069510341641
6682.5509999999995,16.065987211741362,2529.502447259879,390.8936749335392,3.576088471615832e-18,3.661687661901284e-20,3.5394715949968184e-18,13.728257858856432
6686.147,16.059457710678014,2529.39085504285,391.0117966516315,3.574283914989331e-18,3.2977742852575625e-20,3.541306172136755e-18,13.72051666708868
6689.746,16.05296685458414,2529.2792874484726,391.1298551021025,3.572796553530226e-18,2.9707602253443866e-20,3.543088951276782e-18,13.712848331528312
6693.347,16.046516057866082,2529.1677303082256,391.24786303906774,3.5716278385966234e-18,2.6809327573156887e-20,3.544818511023466e-18,13.705255205375229
6696.937,16.040106756727706,2529.0561693734066,391.3658332750253,3.570778614080888e-18,2.428507547869973e-20,3.546493538602188e-18,13.697739591886952
6700.524,16.033740404515388,2528.9445903436513,391.48377865699285,3.570249114136032e-18,2.2136281572343545e-20,3.548112832563689e-18,13.690303737935984
6704.107,16.02741846707378,2528.832978895458,391.6017120426276,3.570038962575561e-18,2.03636574033556e-20,3.549675305172205e-18,13.682949827788288
6707.696,16.02114241812142,2528.7213207106543,391.71964627638346,3.570147173938915e-18,1.8967189466469042e-20,3.551179984472446e-18,13.675679977113711
6711.279,16.014913734655156,2528.6096015047488,391.8375941657555,3.570572156210137e-18,1.7946140176686235e-20,3.552626016033451e-18,13.668496227238625
6714.875,16.008733892392364,2528.4978070551047,391.95556845766254,3.571311715173813e-18,1.7299050805780494e-20,3.554012664368033e-18,13.661400539650653
6718.467,16.002604361259902,2528.3859232288814,392.0735818150182,3.5723630603875264e-18,1.7023746360231935e-20,3.555339314027295e-18,13.65439479076472
6722.07,15.99652660093852,2528.2739360106784,392.19164679354253,3.5737234258924396e-18,1.711809216460621e-20,3.556605333727835e-18,13.647480857207912
6725.659000000001,15.990502056471506,2528.1618315298274,392.3097758188605,3.575389190281992e-18,1.7578915759237396e-20,3.557810274522755e-18,13.640660480541325
6729.251,15.984532202442384,2528.049595811818,392.42798139089876,3.5773559084954675e-18,1.8402070567133563e-20,3.558953837928334e-18,13.633935332489251
6732.852,15.978618469535833,2527.9372151983353,392.54627573728834,3.579618344731467e-18,1.9582434905547264e-20,3.56003590982592e-18,13.627306919108786
6736.448,15.97276224140468,2527.824676367537,392.6646707962175,3.5821705064186876e-18,2.1113951628878897e-20,3.561056554789809e-18,13.620776581403106
6740.035,15.966964851631468,2527.7119663537565,392.78317819977167,3.5850056791788255e-18,2.2989668961313322e-20,3.562016010217512e-18,13.614345496159842
6743.619000000001,15.961227580790784,2527.599072566567,392.90180925780174,3.588116462727819e-18,2.5201782459797288e-20,3.5629146802680215e-18,13.60801467701703
6747.206,15.955551653618693,2527.485982809188,393.0205749423525,3.591494807653641e-18,2.774167803819594e-20,3.563753129615444e-18,13.601784975758111
6750.79,15.949938236268128,2527.372685296339,393.13948587255214,3.595132052986259e-18,3.059997594116034e-20,3.564532077045099e-18,13.595657083796919
6754.374,15.944388433695634,2527.2591686712694,393.2585523001945,3.599018964474746e-18,3.376657559269506e-20,3.5652523888820504e-18,13.589631533904726
6757.968000000001,15.938903287157197,2527.145422022097,393.37778409590504,3.603145773485169e-18,3.72307012048809e-20,3.565915072280287e-18,13.583708702138383
6761.556,15.933483771857315,2527.031434897187,393.4971907361149,3.6075022164321684e-18,4.098094806879037e-20,3.566521268363378e-18,13.577888810019811
6765.144,15.928130794754729,2526.9171973195384,393.61678129086613,3.612077574656637e-18,4.5005329426056016e-20,3.567072245230582e-18,13.572171926961024
6768.746,15.922845192528015,2526.802699800168,393.7365644124638,3.6168607146609904e-18,4.929132381853197e-20,3.567569390842458e-18,13.566557972928582
6772.329000000001,15.917627729703966,2526.68793335046,393.8565483249959,3.621840128613793e-18,5.3825922813498145e-20,3.568014205800295e-18,13.561046721340976
6775.916,15.912479096951271,2526.5728894934728,393.97674081473536,3.627003975035219e-18,5.859567900142282e-20,3.568408296033796e-18,13.555637802191905
6779.503000000001,15.907399909541962,2526.45756027418,394.09714922143695,3.632340119574469e-18,6.358675416285564e-20,3.568753365411613e-18,13.550330705392266
6783.084,15.902390705982345,2526.341938268631,394.21778043054616,3.637836175791187e-18,6.87849675017068e-20,3.56905120828948e-18,13.54512478432286
6786.672,15.89745194681534,2526.226016592021,394.33864086632303,3.643479545853229e-18,7.417584384261707e-20,3.569303702010611e-18,13.540019259590014
6790.263000000001,15.892584013595183,2526.1097889056673,394.4597364858966,3.649257461064113e-18,7.974466169080362e-20,3.56951279937331e-18,13.53501322297525
6793.854,15.887787208035707,2525.9932494228733,394.58107277425063,3.655157022134577e-18,8.54765010542064e-20,3.569680521080371e-18,13.530105641570513
6797.441999999999,15.883061751332473,2525.876392913678,394.70265474014894,3.661165239113761e-18,9.135629092858892e-20,3.569808948185172e-18,13.525295362089489
6801.021,15.878407783659119,2525.759214708503,394.8244869129977,3.667269070897206e-18,9.736885634807451e-20,3.5699002145491325e-18,13.52058111534559
6804.609,15.873825363837572,2525.641710700672,394.9465733406502,3.673455464230267e-18,1.0349896490523187e-19,3.5699564993250354e-18,13.515961520886751
6808.198,15.869314469181598,2525.5238773478313,395.06891758814635,3.679737597674305e-18,1.0976376782504176e-19,3.569973829849263e-18,13.511439179868207
6811.785,15.864877131617812,2525.405699950975,395.19153232256673,3.686091173129329e-18,1.1613526193756142e-19,3.5699559111917674e-18,13.50701367711379
6815.371,15.860512296218051,2525.2871808955683,395.3144162133732,3.6924928277452955e-18,1.225848766850236e-19,3.569907951060272e-18,13.502680518139211
6818.955,15.856218867499182,2525.168322915474,395.4375676221863,3.698920157393931e-18,1.2908520553941588e-19,3.5698349518545154e-18,13.498435303505822
6822.543000000001,15.851995709892565,2525.049129089,395.56098460626714,3.705351753405531e-18,1.3561004867123431e-19,3.569741704734296e-18,13.494273733207976
6826.129,15.847841648322436,2524.9296028342574,395.6846649225795,3.711767216437838e-18,1.4213442800161949e-19,3.569632788436219e-18,13.490191608032925
6829.71,15.843755468891082,2524.8097479038483,395.80860603241973,3.718147168507499e-18,1.4863460015648647e-19,3.569512568351013e-18,13.486184830855397
6833.302,15.83973591853913,2524.6895683854773,395.93280510114306,3.724473263172528e-18,1.5508806667414363e-19,3.569385196498385e-18,13.482249406314494
6836.888000000001,15.835781706443738,2524.569068692362,396.0572590063533,3.730728193858369e-18,1.614735830087953e-19,3.569254610849573e-18,13.478381442659328
6840.485,15.83189150548944,2524.448253553176,396.18196434649394,3.736895700323506e-18,1.677711653906866e-19,3.569124534932819e-18,13.474577153480428
6844.081,15.828063953808872,2524.3271280015233,396.3069174498272,3.742960573255493e-18,1.7396209553069065e-19,3.568998477724802e-18,13.470832859322181
6847.670999999999,15.824297656390263,2524.2056973649846,396.4321143837846,3.748908657004776e-18,1.800289231766019e-19,3.568879733828174e-18,13.46714498917306
6851.272,15.820591186748587,2524.083967253741,396.55755096467004,3.754726850458277e-18,1.8595546652201102e-19,3.568771383936266e-18,13.463510081829849
6854.865,15.816943088657679,2523.9619435487984,396.6832227677031,3.760403106071112e-18,1.9172681048832264e-19,3.5686762955827895e-18,13.45992478713461
6858.4619999999995,15.813351877939501,2523.8396323898414,396.8091251373786,3.765926427078392e-18,1.9732930290414504e-19,3.568597124174247e-18,13.456385867082057
6862.057,15.809816044307423,2523.7170401627245,396.93525319812767,3.771286862912223e-18,2.0275054861046028e-19,3.568536314301763e-18,13.45289019679641
6865.656,15.806334053259027,2523.5941734866437,397.0616018652566,3.7764755028526685e-18,2.0797940152334634e-19,3.568496101329322e-18,13.449434765375212
6869.25,15.802904348014222,2523.471039201009,397.18816585613655,3.781484467944453e-18,2.1300595468993597e-19,3.5684785132545176e-18,13.446016676598466
6872.845,15.799525351494042,2523.3476443520417,397.31493970162364,3.786306901214468e-18,2.1782152837681065e-19,3.5684853728376575e-18,13.442633149501214
6876.437,15.79619546833582,2523.22399617914,397.44191775768314,3.7909369562284e-18,2.2241865623409245e-19,3.568518299994308e-18,13.439281518808498
6880.031,15.7929130869399,2523.1001021010256,397.5690942171939,3.795369784027514e-18,2.267910695814018e-19,3.5685787144461126e-18,13.435959235231266
6883.632,15.78967658154358,2522.97596970171,397.69646312190605,3.799601518489793e-18,2.309336798658972e-19,3.568667838623896e-18,13.432663865622914
6887.229,15.786484314317496,2522.851606716312,397.8240183745302,3.8036292601622644e-18,2.348425593454002e-19,3.568786700816865e-18,13.429393092995673
6890.83,15.783334637479816,2522.727021016749,397.95175375093044,3.8074510586141695e-18,2.3851492005307916e-19,3.568936138561091e-18,13.42614471639682
6894.419,15.780225895423722,2522.6022205973386,398.07966291239677,3.8110658933628545e-18,2.4194909110284834e-19,3.5691168022600055e-18,13.422916650644908
6898.005,15.77725318806847,2522.476707133288,398.208149083803,3.8110658933629555e-18,2.409542751893811e-19,3.570111618173574e-18,13.41928689313416
6901.592,15.77428048071321,2522.351193669237,398.33663525520916,3.8110658933629555e-18,2.399594592758054e-19,3.57110643408715e-18,13.4156571356234
6905.182,15.771307773357954,2522.225680205186,398.46512142661527,3.8110658933629555e-18,2.3896464336223255e-19,3.572101250000723e-18,13.412027378112644
6908.772,15.768335066002695,2522.100166741135,398.59360759802144,3.8110658933629555e-18,2.3796982744865825e-19,3.573096065914296e-18,13.408397620601887
6912.363,15.765362358647439,2521.974653277084,398.7220937694276,3.8110658933629555e-18,2.36975011535084e-19,3.5740908818278705e-18,13.40476786309113
6915.951,15.76238965129218,2521.849139813033,398.85057994083377,3.8110658933629555e-18,2.3598019562150827e-19,3.575085697741447e-18,13.40113810558037
6919.543000000001,15.759416943936923,2521.723626348982,398.9790661122399,3.8110658933629555e-18,2.349853797079354e-19,3.57608051365502e-18,13.397508348069614
6923.142,15.756444236581666,2521.598112884932,399.10755228364604,3.8110658933629555e-18,2.3399056379435695e-19,3.577075329568599e-18,13.393878590558856
6926.738,15.753471529226408,2521.4725994208807,399.2360384550522,3.8110658933629555e-18,2.3299574788078545e-19,3.57807014548217e-18,13.390248833048098
6930.3240000000005,15.750498821871151,2521.34708595683,399.3645246264583,3.8110658933629555e-18,2.3200093196720976e-19,3.579064961395745e-18,13.386619075537341
6933.915,15.747526114515892,2521.221572492779,399.4930107978645,3.8110658933629555e-18,2.31006116053634e-19,3.5800597773093206e-18,13.382989318026583
6937.504,15.744553407160636,2521.096059028728,399.62149696927065,3.8110658933629555e-18,2.300113001400598e-19,3.581054593222895e-18,13.379359560515827
6941.098000000001,15.741580699805377,2520.970545564677,399.74998314067676,3.8110658933629555e-18,2.290164842264855e-19,3.582049409136469e-18,13.375729803005068
6944.682,15.73860799245012,2520.8450321006267,399.8784693120829,3.8110658933629555e-18,2.280216683129098e-19,3.583044225050045e-18,13.37210004549431
6948.276,15.735635285094862,2520.7195186365757,400.0069554834891,3.8110658933629555e-18,2.270268523993355e-19,3.584039040963619e-18,13.368470287983552
6951.8640000000005,15.732662577739605,2520.5940051725247,400.1354416548952,3.8110658933629555e-18,2.260320364857612e-19,3.585033856877193e-18,13.364840530472796
6955.4619999999995,15.729689870384348,2520.4684917084737,400.26392782630137,3.8110658933629555e-18,2.250372205721869e-19,3.5860286727907684e-18,13.361210772962039
6959.062,15.72671716302909,2520.3429782444227,400.39241399770754,3.8110658933629555e-18,2.2404240465861263e-19,3.587023488704343e-18,13.35758101545128
6962.653,15.723744455673833,2520.2174647803718,400.5209001691137,3.8110658933629555e-18,2.230475887450398e-19,3.588018304617916e-18,13.353951257940524
6966.253000000001,15.720771748318574,2520.0919513163212,400.6493863405198,3.8110658933629555e-18,2.2205277283146265e-19,3.589013120531493e-18,13.350321500429764
6969.856,15.717799040963317,2519.9664378522702,400.777872511926,3.8110658933629555e-18,2.210579569178884e-19,3.590007936445067e-18,13.346691742919008
6973.451,15.714826333608059,2519.8409243882193,400.90635868333214,3.8110658933629555e-18,2.200631410043141e-19,3.591002752358641e-18,13.34306198540825
6977.04,15.711853626252802,2519.7154109241683,401.03484485473825,3.8110658933629555e-18,2.1906832509073982e-19,3.5919975682722154e-18,13.339432227897493
6980.621,15.708880918897545,2519.5898974601173,401.1633310261444,3.8110658933629555e-18,2.1807350917716693e-19,3.592992384185789e-18,13.335802470386737
6984.2,15.705908211542287,2519.4643839960663,401.2918171975506,3.8110658933629555e-18,2.1707869326359124e-19,3.593987200099365e-18,13.332172712875977
