t/s,CO2_exc,Bic_exc,CO2_srf,Bic_srf,CO2_cyt,Bic_cyt,CO2_chp,Bic_chp,CO2_pyr,Bic_pyr
0.0000e+00,1.9778e+01,2.2102e+03,1.9778e+01,2.2102e+03,1.9778e+01,2.7105e-01,1.9778e+01,1.5242e-01,1.9778e+01,1.5242e-01
2.2990e-09,1.9778e+01,2.2102e+03,1.9778e+01,2.2102e+03,1.9778e+01,2.7105e-01,1.9778e+01,1.5242e-01,1.9777e+01,1.5273e-01
4.5981e-09,1.9778e+01,2.2102e+03,1.9778e+01,2.2102e+03,1.9778e+01,2.7106e-01,1.9778e+01,1.5242e-01,1.9777e+01,1.5304e-01
2.7588e-08,1.9778e+01,2.2102e+03,1.9778e+01,2.2102e+03,1.9778e+01,2.7111e-01,1.9778e+01,1.5242e-01,1.9774e+01,1.5611e-01
5.0579e-08,1.9778e+01,2.2102e+03,1.9778e+01,2.2102e+03,1.9778e+01,2.7116e-01,1.9778e+01,1.5242e-01,1.9771e+01,1.5918e-01
1.2043e-07,1.9778e+01,2.2102e+03,1.9778e+01,2.2102e+03,1.9778e+01,2.7131e-01,1.9778e+01,1.5242e-01,1.9762e+01,1.6851e-01
1.9028e-07,1.9778e+01,2.2102e+03,1.9778e+01,2.2102e+03,1.9777e+01,2.7146e-01,1.9778e+01,1.5242e-01,1.9752e+01,1.7784e-01
2.6013e-07,1.9778e+01,2.2102e+03,1.9778e+01,2.2102e+03,1.9777e+01,2.7161e-01,1.9778e+01,1.5242e-01,1.9743e+01,1.8717e-01
4.4515e-07,1.9778e+01,2.2102e+03,1.9778e+01,2.2102e+03,1.9777e+01,2.7202e-01,1.9778e+01,1.5242e-01,1.9718e+01,2.1184e-01
6.3018e-07,1.9778e+01,2.2102e+03,1.9778e+01,2.2102e+03,1.9776e+01,2.7242e-01,1.9778e+01,1.5242e-01,1.9694e+01,2.3649e-01
8.1521e-07,1.9778e+01,2.2102e+03,1.9778e+01,2.2102e+03,1.9776e+01,2.7282e-01,1.9778e+01,1.5242e-01,1.9669e+01,2.6110e-01
1.7315e-06,1.9778e+01,2.2102e+03,1.9778e+01,2.2102e+03,1.9774e+01,2.7481e-01,1.9778e+01,1.5242e-01,1.9548e+01,3.8254e-01
2.6478e-06,1.9778e+01,2.2102e+03,1.9778e+01,2.2102e+03,1.9772e+01,2.7681e-01,1.9778e+01,1.5242e-01,1.9427e+01,5.0322e-01
3.5640e-06,1.9778e+01,2.2102e+03,1.9778e+01,2.2102e+03,1.9770e+01,2.7880e-01,1.9778e+01,1.5242e-01,1.9307e+01,6.2315e-01
5.2786e-06,1.9778e+01,2.2102e+03,1.9778e+01,2.2102e+03,1.9766e+01,2.8253e-01,1.9778e+01,1.5243e-01,1.9085e+01,8.4556e-01
6.9932e-06,1.9778e+01,2.2102e+03,1.9778e+01,2.2102e+03,1.9763e+01,2.8625e-01,1.9778e+01,1.5243e-01,1.8865e+01,1.0654e+00
8.7078e-06,1.9778e+01,2.2102e+03,1.9778e+01,2.2102e+03,1.9759e+01,2.8998e-01,1.9778e+01,1.5244e-01,1.8648e+01,1.2826e+00
1.0422e-05,1.9778e+01,2.2102e+03,1.9778e+01,2.2102e+03,1.9756e+01,2.9370e-01,1.9778e+01,1.5245e-01,1.8433e+01,1.4974e+00
1.4588e-05,1.9778e+01,2.2102e+03,1.9778e+01,2.2102e+03,1.9747e+01,3.0275e-01,1.9777e+01,1.5247e-01,1.7922e+01,2.0087e+00
1.8753e-05,1.9778e+01,2.2102e+03,1.9778e+01,2.2102e+03,1.9738e+01,3.1180e-01,1.9777e+01,1.5251e-01,1.7425e+01,2.5057e+00
2.2918e-05,1.9778e+01,2.2102e+03,1.9778e+01,2.2102e+03,1.9729e+01,3.2083e-01,1.9777e+01,1.5255e-01,1.6942e+01,2.9887e+00
2.7083e-05,1.9778e+01,2.2102e+03,1.9777e+01,2.2102e+03,1.9720e+01,3.2987e-01,1.9776e+01,1.5259e-01,1.6472e+01,3.4582e+00
3.7881e-05,1.9778e+01,2.2102e+03,1.9777e+01,2.2102e+03,1.9698e+01,3.5327e-01,1.9775e+01,1.5275e-01,1.5316e+01,4.6151e+00
4.8679e-05,1.9778e+01,2.2102e+03,1.9777e+01,2.2102e+03,1.9675e+01,3.7665e-01,1.9773e+01,1.5295e-01,1.4242e+01,5.6897e+00
5.9477e-05,1.9778e+01,2.2102e+03,1.9776e+01,2.2102e+03,1.9653e+01,4.0000e-01,1.9770e+01,1.5319e-01,1.3244e+01,6.6881e+00
7.0275e-05,1.9778e+01,2.2102e+03,1.9776e+01,2.2102e+03,1.9630e+01,4.2332e-01,1.9768e+01,1.5347e-01,1.2318e+01,7.6156e+00
8.1072e-05,1.9778e+01,2.2102e+03,1.9775e+01,2.2102e+03,1.9608e+01,4.4662e-01,1.9764e+01,1.5379e-01,1.1457e+01,8.4773e+00
9.5100e-05,1.9778e+01,2.2102e+03,1.9774e+01,2.2102e+03,1.9580e+01,4.7684e-01,1.9760e+01,1.5425e-01,1.0430e+01,9.5060e+00
1.0913e-04,1.9778e+01,2.2102e+03,1.9773e+01,2.2102e+03,1.9551e+01,5.0702e-01,1.9754e+01,1.5476e-01,9.4965e+00,1.0441e+01
1.2316e-04,1.9778e+01,2.2102e+03,1.9772e+01,2.2102e+03,1.9523e+01,5.3716e-01,1.9748e+01,1.5531e-01,8.6485e+00,1.1291e+01
1.3718e-04,1.9778e+01,2.2102e+03,1.9771e+01,2.2102e+03,1.9495e+01,5.6725e-01,1.9741e+01,1.5591e-01,7.8780e+00,1.2063e+01
1.5121e-04,1.9778e+01,2.2102e+03,1.9770e+01,2.2102e+03,1.9468e+01,5.9730e-01,1.9734e+01,1.5655e-01,7.1780e+00,1.2765e+01
1.6524e-04,1.9778e+01,2.2102e+03,1.9768e+01,2.2102e+03,1.9440e+01,6.2731e-01,1.9727e+01,1.5722e-01,6.5420e+00,1.3403e+01
1.8409e-04,1.9778e+01,2.2102e+03,1.9766e+01,2.2102e+03,1.9403e+01,6.6755e-01,1.9715e+01,1.5817e-01,5.7781e+00,1.4170e+01
2.0293e-04,1.9778e+01,2.2102e+03,1.9764e+01,2.2102e+03,1.9367e+01,7.0772e-01,1.9703e+01,1.5917e-01,5.1066e+00,1.4844e+01
2.2178e-04,1.9778e+01,2.2102e+03,1.9762e+01,2.2102e+03,1.9331e+01,7.4782e-01,1.9690e+01,1.6021e-01,4.5162e+00,1.5438e+01
2.4063e-04,1.9778e+01,2.2102e+03,1.9760e+01,2.2102e+03,1.9295e+01,7.8783e-01,1.9677e+01,1.6129e-01,3.9972e+00,1.5960e+01
2.5948e-04,1.9778e+01,2.2102e+03,1.9758e+01,2.2102e+03,1.9259e+01,8.2778e-01,1.9662e+01,1.6241e-01,3.5409e+00,1.6420e+01
2.7832e-04,1.9778e+01,2.2102e+03,1.9756e+01,2.2102e+03,1.9224e+01,8.6764e-01,1.9647e+01,1.6356e-01,3.1398e+00,1.6825e+01
2.9697e-04,1.9778e+01,2.2102e+03,1.9753e+01,2.2102e+03,1.9189e+01,9.0701e-01,1.9632e+01,1.6472e-01,2.7908e+00,1.7177e+01
3.1561e-04,1.9778e+01,2.2102e+03,1.9751e+01,2.2102e+03,1.9155e+01,9.4631e-01,1.9615e+01,1.6590e-01,2.4835e+00,1.7488e+01
3.3426e-04,1.9778e+01,2.2102e+03,1.9748e+01,2.2102e+03,1.9121e+01,9.8553e-01,1.9599e+01,1.6710e-01,2.2130e+00,1.7762e+01
3.5290e-04,1.9778e+01,2.2102e+03,1.9746e+01,2.2102e+03,1.9087e+01,1.0247e+00,1.9581e+01,1.6832e-01,1.9749e+00,1.8004e+01
3.7155e-04,1.9778e+01,2.2102e+03,1.9743e+01,2.2102e+03,1.9053e+01,1.0638e+00,1.9563e+01,1.6956e-01,1.7652e+00,1.8217e+01
3.9019e-04,1.9778e+01,2.2102e+03,1.9741e+01,2.2102e+03,1.9020e+01,1.1028e+00,1.9545e+01,1.7081e-01,1.5807e+00,1.8406e+01
4.0874e-04,1.9778e+01,2.2102e+03,1.9738e+01,2.2102e+03,1.8987e+01,1.1415e+00,1.9526e+01,1.7207e-01,1.4190e+00,1.8571e+01
4.2728e-04,1.9778e+01,2.2102e+03,1.9736e+01,2.2102e+03,1.8954e+01,1.1802e+00,1.9507e+01,1.7333e-01,1.2766e+00,1.8717e+01
4.4583e-04,1.9778e+01,2.2102e+03,1.9733e+01,2.2102e+03,1.8921e+01,1.2188e+00,1.9487e+01,1.7461e-01,1.1512e+00,1.8847e+01
4.6437e-04,1.9778e+01,2.2102e+03,1.9730e+01,2.2102e+03,1.8889e+01,1.2573e+00,1.9467e+01,1.7589e-01,1.0407e+00,1.8961e+01
4.8292e-04,1.9778e+01,2.2102e+03,1.9728e+01,2.2102e+03,1.8856e+01,1.2958e+00,1.9447e+01,1.7718e-01,9.4330e-01,1.9062e+01
5.0146e-04,1.9778e+01,2.2102e+03,1.9725e+01,2.2102e+03,1.8824e+01,1.3342e+00,1.9426e+01,1.7848e-01,8.5752e-01,1.9152e+01
5.2050e-04,1.9778e+01,2.2102e+03,1.9722e+01,2.2102e+03,1.8792e+01,1.3735e+00,1.9404e+01,1.7981e-01,7.8007e-01,1.9233e+01
5.3954e-04,1.9778e+01,2.2102e+03,1.9720e+01,2.2102e+03,1.8759e+01,1.4128e+00,1.9382e+01,1.8116e-01,7.1206e-01,1.9305e+01
5.5858e-04,1.9778e+01,2.2102e+03,1.9717e+01,2.2102e+03,1.8727e+01,1.4520e+00,1.9360e+01,1.8250e-01,6.5234e-01,1.9369e+01
5.7762e-04,1.9778e+01,2.2102e+03,1.9714e+01,2.2102e+03,1.8695e+01,1.4911e+00,1.9337e+01,1.8385e-01,5.9991e-01,1.9425e+01
5.9666e-04,1.9778e+01,2.2102e+03,1.9712e+01,2.2102e+03,1.8663e+01,1.5302e+00,1.9314e+01,1.8521e-01,5.5387e-01,1.9475e+01
6.1570e-04,1.9778e+01,2.2102e+03,1.9709e+01,2.2102e+03,1.8631e+01,1.5692e+00,1.9291e+01,1.8657e-01,5.1345e-01,1.9520e+01
6.3567e-04,1.9778e+01,2.2102e+03,1.9706e+01,2.2102e+03,1.8598e+01,1.6101e+00,1.9266e+01,1.8800e-01,4.7633e-01,1.9561e+01
6.5564e-04,1.9778e+01,2.2102e+03,1.9703e+01,2.2102e+03,1.8565e+01,1.6508e+00,1.9241e+01,1.8943e-01,4.4394e-01,1.9598e+01
6.7561e-04,1.9778e+01,2.2102e+03,1.9700e+01,2.2102e+03,1.8532e+01,1.6915e+00,1.9216e+01,1.9086e-01,4.1568e-01,1.9630e+01
6.9558e-04,1.9778e+01,2.2102e+03,1.9698e+01,2.2102e+03,1.8499e+01,1.7322e+00,1.9191e+01,1.9229e-01,3.9101e-01,1.9659e+01
7.1555e-04,1.9778e+01,2.2102e+03,1.9695e+01,2.2102e+03,1.8467e+01,1.7727e+00,1.9165e+01,1.9373e-01,3.6949e-01,1.9685e+01
7.3552e-04,1.9778e+01,2.2102e+03,1.9692e+01,2.2102e+03,1.8434e+01,1.8132e+00,1.9139e+01,1.9517e-01,3.5071e-01,1.9707e+01
7.5697e-04,1.9778e+01,2.2102e+03,1.9689e+01,2.2102e+03,1.8400e+01,1.8566e+00,1.9111e+01,1.9672e-01,3.3319e-01,1.9729e+01
7.7841e-04,1.9778e+01,2.2102e+03,1.9686e+01,2.2102e+03,1.8365e+01,1.8999e+00,1.9082e+01,1.9826e-01,3.1805e-01,1.9749e+01
7.9985e-04,1.9778e+01,2.2102e+03,1.9683e+01,2.2102e+03,1.8331e+01,1.9431e+00,1.9054e+01,1.9981e-01,3.0497e-01,1.9766e+01
8.2130e-04,1.9778e+01,2.2102e+03,1.9680e+01,2.2102e+03,1.8297e+01,1.9862e+00,1.9025e+01,2.0136e-01,2.9366e-01,1.9782e+01
8.4274e-04,1.9778e+01,2.2102e+03,1.9677e+01,2.2102e+03,1.8263e+01,2.0293e+00,1.8996e+01,2.0292e-01,2.8388e-01,1.9796e+01
8.6418e-04,1.9778e+01,2.2102e+03,1.9674e+01,2.2102e+03,1.8230e+01,2.0723e+00,1.8967e+01,2.0447e-01,2.7543e-01,1.9809e+01
8.8794e-04,1.9778e+01,2.2102e+03,1.9671e+01,2.2102e+03,1.8193e+01,2.1198e+00,1.8935e+01,2.0619e-01,2.6739e-01,1.9822e+01
9.1170e-04,1.9778e+01,2.2102e+03,1.9668e+01,2.2102e+03,1.8156e+01,2.1672e+00,1.8902e+01,2.0791e-01,2.6054e-01,1.9834e+01
9.3547e-04,1.9778e+01,2.2102e+03,1.9664e+01,2.2102e+03,1.8119e+01,2.2145e+00,1.8870e+01,2.0963e-01,2.5471e-01,1.9844e+01
9.5923e-04,1.9778e+01,2.2102e+03,1.9661e+01,2.2102e+03,1.8083e+01,2.2618e+00,1.8837e+01,2.1136e-01,2.4974e-01,1.9854e+01
9.8299e-04,1.9778e+01,2.2102e+03,1.9658e+01,2.2102e+03,1.8046e+01,2.3089e+00,1.8804e+01,2.1308e-01,2.4550e-01,1.9863e+01
1.0067e-03,1.9778e+01,2.2102e+03,1.9655e+01,2.2102e+03,1.8010e+01,2.3559e+00,1.8771e+01,2.1481e-01,2.4189e-01,1.9871e+01
1.0340e-03,1.9778e+01,2.2102e+03,1.9651e+01,2.2102e+03,1.7969e+01,2.4097e+00,1.8733e+01,2.1678e-01,2.3840e-01,1.9880e+01
1.0612e-03,1.9778e+01,2.2102e+03,1.9648e+01,2.2102e+03,1.7928e+01,2.4633e+00,1.8695e+01,2.1876e-01,2.3548e-01,1.9888e+01
1.0884e-03,1.9778e+01,2.2102e+03,1.9644e+01,2.2102e+03,1.7887e+01,2.5168e+00,1.8656e+01,2.2074e-01,2.3304e-01,1.9896e+01
1.1156e-03,1.9778e+01,2.2102e+03,1.9641e+01,2.2102e+03,1.7847e+01,2.5701e+00,1.8618e+01,2.2271e-01,2.3100e-01,1.9904e+01
1.1428e-03,1.9778e+01,2.2102e+03,1.9637e+01,2.2102e+03,1.7806e+01,2.6233e+00,1.8579e+01,2.2469e-01,2.2929e-01,1.9910e+01
1.1700e-03,1.9778e+01,2.2102e+03,1.9634e+01,2.2102e+03,1.7766e+01,2.6765e+00,1.8541e+01,2.2667e-01,2.2785e-01,1.9917e+01
1.2021e-03,1.9778e+01,2.2102e+03,1.9629e+01,2.2102e+03,1.7719e+01,2.7391e+00,1.8495e+01,2.2901e-01,2.2644e-01,1.9925e+01
1.2343e-03,1.9778e+01,2.2102e+03,1.9625e+01,2.2102e+03,1.7672e+01,2.8015e+00,1.8450e+01,2.3135e-01,2.2529e-01,1.9932e+01
1.2664e-03,1.9778e+01,2.2102e+03,1.9621e+01,2.2102e+03,1.7625e+01,2.8638e+00,1.8404e+01,2.3369e-01,2.2434e-01,1.9939e+01
1.2986e-03,1.9778e+01,2.2102e+03,1.9617e+01,2.2102e+03,1.7579e+01,2.9259e+00,1.8358e+01,2.3603e-01,2.2355e-01,1.9946e+01
1.3307e-03,1.9778e+01,2.2102e+03,1.9613e+01,2.2102e+03,1.7533e+01,2.9879e+00,1.8312e+01,2.3837e-01,2.2289e-01,1.9953e+01
1.3629e-03,1.9778e+01,2.2102e+03,1.9609e+01,2.2102e+03,1.7487e+01,3.0496e+00,1.8267e+01,2.4071e-01,2.2234e-01,1.9959e+01
1.4022e-03,1.9778e+01,2.2102e+03,1.9604e+01,2.2102e+03,1.7431e+01,3.1250e+00,1.8211e+01,2.4358e-01,2.2178e-01,1.9967e+01
1.4416e-03,1.9778e+01,2.2102e+03,1.9600e+01,2.2102e+03,1.7376e+01,3.2002e+00,1.8155e+01,2.4644e-01,2.2132e-01,1.9975e+01
1.4809e-03,1.9778e+01,2.2102e+03,1.9595e+01,2.2102e+03,1.7321e+01,3.2751e+00,1.8099e+01,2.4931e-01,2.2093e-01,1.9982e+01
1.5203e-03,1.9778e+01,2.2102e+03,1.9590e+01,2.2102e+03,1.7266e+01,3.3498e+00,1.8043e+01,2.5218e-01,2.2060e-01,1.9990e+01
1.5597e-03,1.9778e+01,2.2102e+03,1.9585e+01,2.2102e+03,1.7212e+01,3.4242e+00,1.7987e+01,2.5505e-01,2.2031e-01,1.9997e+01
1.5990e-03,1.9778e+01,2.2102e+03,1.9581e+01,2.2102e+03,1.7158e+01,3.4984e+00,1.7931e+01,2.5792e-01,2.2006e-01,2.0004e+01
1.6494e-03,1.9778e+01,2.2102e+03,1.9575e+01,2.2102e+03,1.7089e+01,3.5931e+00,1.7860e+01,2.6160e-01,2.1977e-01,2.0013e+01
1.6998e-03,1.9778e+01,2.2102e+03,1.9569e+01,2.2102e+03,1.7021e+01,3.6874e+00,1.7790e+01,2.6528e-01,2.1951e-01,2.0022e+01
1.7502e-03,1.9778e+01,2.2102e+03,1.9563e+01,2.2102e+03,1.6953e+01,3.7813e+00,1.7719e+01,2.6896e-01,2.1926e-01,2.0031e+01
1.8007e-03,1.9778e+01,2.2102e+03,1.9557e+01,2.2102e+03,1.6886e+01,3.8748e+00,1.7649e+01,2.7264e-01,2.1904e-01,2.0040e+01
1.8511e-03,1.9778e+01,2.2102e+03,1.9551e+01,2.2102e+03,1.6819e+01,3.9680e+00,1.7579e+01,2.7632e-01,2.1882e-01,2.0049e+01
1.9015e-03,1.9778e+01,2.2102e+03,1.9545e+01,2.2102e+03,1.6753e+01,4.0607e+00,1.7509e+01,2.8000e-01,2.1862e-01,2.0057e+01
1.9704e-03,1.9778e+01,2.2102e+03,1.9538e+01,2.2102e+03,1.6664e+01,4.1871e+00,1.7414e+01,2.8504e-01,2.1834e-01,2.0069e+01
2.0394e-03,1.9778e+01,2.2102e+03,1.9530e+01,2.2102e+03,1.6575e+01,4.3127e+00,1.7320e+01,2.9008e-01,2.1807e-01,2.0081e+01
2.1084e-03,1.9778e+01,2.2102e+03,1.9522e+01,2.2102e+03,1.6487e+01,4.4377e+00,1.7227e+01,2.9512e-01,2.1781e-01,2.0092e+01
2.1774e-03,1.9778e+01,2.2102e+03,1.9515e+01,2.2102e+03,1.6400e+01,4.5620e+00,1.7134e+01,3.0017e-01,2.1755e-01,2.0103e+01
2.2464e-03,1.9778e+01,2.2102e+03,1.9507e+01,2.2102e+03,1.6313e+01,4.6856e+00,1.7042e+01,3.0521e-01,2.1729e-01,2.0114e+01
2.3153e-03,1.9778e+01,2.2102e+03,1.9500e+01,2.2102e+03,1.6228e+01,4.8086e+00,1.6950e+01,3.1026e-01,2.1704e-01,2.0125e+01
2.4201e-03,1.9778e+01,2.2102e+03,1.9489e+01,2.2102e+03,1.6100e+01,4.9940e+00,1.6813e+01,3.1792e-01,2.1665e-01,2.0141e+01
2.5248e-03,1.9778e+01,2.2102e+03,1.9478e+01,2.2102e+03,1.5974e+01,5.1779e+00,1.6677e+01,3.2559e-01,2.1627e-01,2.0157e+01
2.6295e-03,1.9778e+01,2.2102e+03,1.9467e+01,2.2102e+03,1.5850e+01,5.3604e+00,1.6544e+01,3.3326e-01,2.1589e-01,2.0172e+01
2.7342e-03,1.9778e+01,2.2102e+03,1.9457e+01,2.2102e+03,1.5727e+01,5.5414e+00,1.6412e+01,3.4094e-01,2.1552e-01,2.0187e+01
2.8389e-03,1.9778e+01,2.2102e+03,1.9446e+01,2.2102e+03,1.5606e+01,5.7210e+00,1.6281e+01,3.4861e-01,2.1515e-01,2.0201e+01
2.9436e-03,1.9778e+01,2.2102e+03,1.9436e+01,2.2102e+03,1.5487e+01,5.8991e+00,1.6153e+01,3.5629e-01,2.1479e-01,2.0216e+01
3.1278e-03,1.9778e+01,2.2102e+03,1.9418e+01,2.2102e+03,1.5282e+01,6.2090e+00,1.5931e+01,3.6980e-01,2.1415e-01,2.0240e+01
3.3119e-03,1.9778e+01,2.2102e+03,1.9401e+01,2.2102e+03,1.5081e+01,6.5147e+00,1.5714e+01,3.8331e-01,2.1353e-01,2.0263e+01
3.4960e-03,1.9778e+01,2.2102e+03,1.9384e+01,2.2102e+03,1.4886e+01,6.8163e+00,1.5503e+01,3.9683e-01,2.1292e-01,2.0286e+01
3.6801e-03,1.9778e+01,2.2102e+03,1.9368e+01,2.2102e+03,1.4696e+01,7.1139e+00,1.5297e+01,4.1036e-01,2.1232e-01,2.0307e+01
3.8642e-03,1.9777e+01,2.2102e+03,1.9352e+01,2.2102e+03,1.4510e+01,7.4076e+00,1.5096e+01,4.2389e-01,2.1173e-01,2.0327e+01
4.2360e-03,1.9777e+01,2.2102e+03,1.9320e+01,2.2102e+03,1.4149e+01,7.9892e+00,1.4705e+01,4.5122e-01,2.1058e-01,2.0365e+01
4.6077e-03,1.9777e+01,2.2102e+03,1.9291e+01,2.2102e+03,1.3806e+01,8.5561e+00,1.4333e+01,4.7856e-01,2.0947e-01,2.0400e+01
4.9794e-03,1.9777e+01,2.2102e+03,1.9262e+01,2.2102e+03,1.3479e+01,9.1089e+00,1.3979e+01,5.0591e-01,2.0840e-01,2.0431e+01
5.3512e-03,1.9777e+01,2.2102e+03,1.9236e+01,2.2102e+03,1.3169e+01,9.6485e+00,1.3643e+01,5.3326e-01,2.0737e-01,2.0459e+01
5.8548e-03,1.9777e+01,2.2102e+03,1.9201e+01,2.2102e+03,1.2773e+01,1.0359e+01,1.3213e+01,5.7031e-01,2.0603e-01,2.0492e+01
6.3583e-03,1.9777e+01,2.2102e+03,1.9169e+01,2.2102e+03,1.2403e+01,1.1048e+01,1.2812e+01,6.0734e-01,2.0476e-01,2.0520e+01
6.8619e-03,1.9777e+01,2.2102e+03,1.9139e+01,2.2102e+03,1.2057e+01,1.1717e+01,1.2438e+01,6.4435e-01,2.0355e-01,2.0543e+01
7.3655e-03,1.9777e+01,2.2102e+03,1.9112e+01,2.2102e+03,1.1734e+01,1.2367e+01,1.2088e+01,6.8133e-01,2.0240e-01,2.0562e+01
7.8690e-03,1.9777e+01,2.2102e+03,1.9085e+01,2.2102e+03,1.1433e+01,1.2999e+01,1.1761e+01,7.1828e-01,2.0130e-01,2.0576e+01
8.6486e-03,1.9777e+01,2.2102e+03,1.9048e+01,2.2102e+03,1.1006e+01,1.3944e+01,1.1298e+01,7.7537e-01,1.9970e-01,2.0591e+01
9.4282e-03,1.9776e+01,2.2102e+03,1.9015e+01,2.2102e+03,1.0621e+01,1.4855e+01,1.0881e+01,8.3233e-01,1.9821e-01,2.0598e+01
1.0208e-02,1.9776e+01,2.2102e+03,1.8985e+01,2.2102e+03,1.0276e+01,1.5732e+01,1.0506e+01,8.8914e-01,1.9682e-01,2.0598e+01
1.0987e-02,1.9776e+01,2.2102e+03,1.8958e+01,2.2102e+03,9.9649e+00,1.6581e+01,1.0169e+01,9.4577e-01,1.9552e-01,2.0591e+01
1.1767e-02,1.9776e+01,2.2102e+03,1.8934e+01,2.2102e+03,9.6858e+00,1.7403e+01,9.8666e+00,1.0022e+00,1.9431e-01,2.0579e+01
1.2722e-02,1.9776e+01,2.2102e+03,1.8907e+01,2.2102e+03,9.3821e+00,1.8379e+01,9.5372e+00,1.0711e+00,1.9292e-01,2.0558e+01
1.3677e-02,1.9775e+01,2.2102e+03,1.8884e+01,2.2102e+03,9.1159e+00,1.9323e+01,9.2482e+00,1.1396e+00,1.9164e-01,2.0530e+01
1.4632e-02,1.9775e+01,2.2102e+03,1.8864e+01,2.2102e+03,8.8825e+00,2.0240e+01,8.9950e+00,1.2078e+00,1.9045e-01,2.0497e+01
1.5587e-02,1.9775e+01,2.2102e+03,1.8846e+01,2.2102e+03,8.6781e+00,2.1132e+01,8.7730e+00,1.2756e+00,1.8934e-01,2.0460e+01
1.6542e-02,1.9775e+01,2.2102e+03,1.8830e+01,2.2102e+03,8.4991e+00,2.2003e+01,8.5786e+00,1.3431e+00,1.8830e-01,2.0419e+01
1.7498e-02,1.9774e+01,2.2102e+03,1.8816e+01,2.2102e+03,8.3424e+00,2.2856e+01,8.4084e+00,1.4101e+00,1.8733e-01,2.0375e+01
1.8737e-02,1.9774e+01,2.2102e+03,1.8801e+01,2.2102e+03,8.1682e+00,2.3937e+01,8.2189e+00,1.4966e+00,1.8617e-01,2.0315e+01
1.9976e-02,1.9774e+01,2.2102e+03,1.8788e+01,2.2102e+03,8.0219e+00,2.4994e+01,8.0598e+00,1.5823e+00,1.8509e-01,2.0252e+01
2.1215e-02,1.9773e+01,2.2102e+03,1.8777e+01,2.2102e+03,7.8994e+00,2.6032e+01,7.9264e+00,1.6674e+00,1.8409e-01,2.0186e+01
2.2455e-02,1.9773e+01,2.2102e+03,1.8768e+01,2.2102e+03,7.7969e+00,2.7052e+01,7.8147e+00,1.7518e+00,1.8316e-01,2.0120e+01
2.3694e-02,1.9773e+01,2.2102e+03,1.8760e+01,2.2102e+03,7.7115e+00,2.8057e+01,7.7215e+00,1.8354e+00,1.8230e-01,2.0052e+01
2.4933e-02,1.9772e+01,2.2102e+03,1.8754e+01,2.2102e+03,7.6404e+00,2.9050e+01,7.6438e+00,1.9184e+00,1.8149e-01,1.9985e+01
2.6325e-02,1.9772e+01,2.2102e+03,1.8748e+01,2.2102e+03,7.5750e+00,3.0153e+01,7.5722e+00,2.0109e+00,1.8064e-01,1.9909e+01
2.7718e-02,1.9771e+01,2.2102e+03,1.8743e+01,2.2102e+03,7.5223e+00,3.1244e+01,7.5143e+00,2.1024e+00,1.7985e-01,1.9834e+01
2.9110e-02,1.9771e+01,2.2102e+03,1.8739e+01,2.2102e+03,7.4802e+00,3.2326e+01,7.4679e+00,2.1931e+00,1.7911e-01,1.9761e+01
3.0502e-02,1.9771e+01,2.2102e+03,1.8736e+01,2.2102e+03,7.4468e+00,3.3400e+01,7.4309e+00,2.2830e+00,1.7842e-01,1.9689e+01
3.1895e-02,1.9770e+01,2.2102e+03,1.8733e+01,2.2102e+03,7.4207e+00,3.4467e+01,7.4019e+00,2.3721e+00,1.7777e-01,1.9619e+01
3.3287e-02,1.9770e+01,2.2102e+03,1.8731e+01,2.2102e+03,7.4006e+00,3.5529e+01,7.3793e+00,2.4603e+00,1.7716e-01,1.9551e+01
3.4914e-02,1.9769e+01,2.2102e+03,1.8729e+01,2.2102e+03,7.3833e+00,3.6763e+01,7.3597e+00,2.5624e+00,1.7649e-01,1.9474e+01
3.6540e-02,1.9769e+01,2.2102e+03,1.8727e+01,2.2102e+03,7.3716e+00,3.7991e+01,7.3460e+00,2.6635e+00,1.7587e-01,1.9400e+01
3.8167e-02,1.9768e+01,2.2102e+03,1.8726e+01,2.2102e+03,7.3642e+00,3.9214e+01,7.3371e+00,2.7635e+00,1.7530e-01,1.9330e+01
3.9793e-02,1.9768e+01,2.2102e+03,1.8725e+01,2.2102e+03,7.3603e+00,4.0434e+01,7.3320e+00,2.8624e+00,1.7476e-01,1.9263e+01
4.1420e-02,1.9767e+01,2.2102e+03,1.8725e+01,2.2102e+03,7.3593e+00,4.1650e+01,7.3300e+00,2.9605e+00,1.7426e-01,1.9199e+01
4.3046e-02,1.9767e+01,2.2102e+03,1.8724e+01,2.2102e+03,7.3606e+00,4.2863e+01,7.3305e+00,3.0575e+00,1.7380e-01,1.9139e+01
4.5049e-02,1.9766e+01,2.2102e+03,1.8724e+01,2.2102e+03,7.3646e+00,4.4354e+01,7.3337e+00,3.1757e+00,1.7327e-01,1.9070e+01
4.7052e-02,1.9766e+01,2.2102e+03,1.8724e+01,2.2102e+03,7.3707e+00,4.5840e+01,7.3392e+00,3.2926e+00,1.7279e-01,1.9005e+01
4.9054e-02,1.9765e+01,2.2102e+03,1.8724e+01,2.2102e+03,7.3784e+00,4.7324e+01,7.3464e+00,3.4082e+00,1.7236e-01,1.8946e+01
5.1057e-02,1.9764e+01,2.2102e+03,1.8724e+01,2.2102e+03,7.3874e+00,4.8806e+01,7.3550e+00,3.5225e+00,1.7197e-01,1.8891e+01
5.3060e-02,1.9764e+01,2.2102e+03,1.8725e+01,2.2102e+03,7.3973e+00,5.0284e+01,7.3645e+00,3.6355e+00,1.7162e-01,1.8842e+01
5.5062e-02,1.9763e+01,2.2102e+03,1.8725e+01,2.2102e+03,7.4078e+00,5.1761e+01,7.3749e+00,3.7474e+00,1.7131e-01,1.8797e+01
5.7641e-02,1.9762e+01,2.2102e+03,1.8725e+01,2.2102e+03,7.4223e+00,5.3660e+01,7.3891e+00,3.8899e+00,1.7097e-01,1.8746e+01
6.0221e-02,1.9762e+01,2.2102e+03,1.8726e+01,2.2102e+03,7.4373e+00,5.5555e+01,7.4039e+00,4.0305e+00,1.7068e-01,1.8702e+01
6.2800e-02,1.9761e+01,2.2102e+03,1.8727e+01,2.2102e+03,7.4528e+00,5.7448e+01,7.4192e+00,4.1695e+00,1.7046e-01,1.8666e+01
6.5379e-02,1.9760e+01,2.2102e+03,1.8727e+01,2.2102e+03,7.4686e+00,5.9338e+01,7.4349e+00,4.3068e+00,1.7028e-01,1.8636e+01
6.7958e-02,1.9759e+01,2.2102e+03,1.8728e+01,2.2102e+03,7.4845e+00,6.1224e+01,7.4507e+00,4.4426e+00,1.7016e-01,1.8613e+01
7.0538e-02,1.9759e+01,2.2102e+03,1.8729e+01,2.2102e+03,7.5007e+00,6.3108e+01,7.4668e+00,4.5769e+00,1.7009e-01,1.8596e+01
7.4089e-02,1.9757e+01,2.2102e+03,1.8729e+01,2.2102e+03,7.5230e+00,6.5698e+01,7.4890e+00,4.7596e+00,1.7006e-01,1.8582e+01
7.7641e-02,1.9756e+01,2.2102e+03,1.8730e+01,2.2102e+03,7.5455e+00,6.8283e+01,7.5113e+00,4.9398e+00,1.7012e-01,1.8580e+01
8.1193e-02,1.9755e+01,2.2102e+03,1.8731e+01,2.2102e+03,7.5679e+00,7.0863e+01,7.5337e+00,5.1177e+00,1.7026e-01,1.8587e+01
8.4745e-02,1.9754e+01,2.2102e+03,1.8732e+01,2.2102e+03,7.5904e+00,7.3438e+01,7.5561e+00,5.2935e+00,1.7047e-01,1.8605e+01
8.8296e-02,1.9753e+01,2.2102e+03,1.8733e+01,2.2102e+03,7.6129e+00,7.6007e+01,7.5785e+00,5.4673e+00,1.7075e-01,1.8631e+01
9.1848e-02,1.9752e+01,2.2102e+03,1.8734e+01,2.2102e+03,7.6354e+00,7.8572e+01,7.6009e+00,5.6393e+00,1.7110e-01,1.8666e+01
9.7290e-02,1.9751e+01,2.2102e+03,1.8735e+01,2.2102e+03,7.6697e+00,8.2492e+01,7.6351e+00,5.8995e+00,1.7175e-01,1.8735e+01
1.0273e-01,1.9749e+01,2.2102e+03,1.8737e+01,2.2102e+03,7.7040e+00,8.6401e+01,7.6692e+00,6.1562e+00,1.7253e-01,1.8822e+01
1.0817e-01,1.9747e+01,2.2102e+03,1.8738e+01,2.2102e+03,7.7381e+00,9.0298e+01,7.7033e+00,6.4096e+00,1.7344e-01,1.8924e+01
1.1362e-01,1.9746e+01,2.2102e+03,1.8740e+01,2.2102e+03,7.7722e+00,9.4184e+01,7.7372e+00,6.6603e+00,1.7446e-01,1.9041e+01
1.1906e-01,1.9744e+01,2.2102e+03,1.8741e+01,2.2102e+03,7.8062e+00,9.8058e+01,7.7711e+00,6.9085e+00,1.7558e-01,1.9172e+01
1.2450e-01,1.9743e+01,2.2102e+03,1.8742e+01,2.2102e+03,7.8401e+00,1.0192e+02,7.8048e+00,7.1545e+00,1.7680e-01,1.9315e+01
1.3361e-01,1.9740e+01,2.2102e+03,1.8745e+01,2.2102e+03,7.8966e+00,1.0836e+02,7.8611e+00,7.5625e+00,1.7903e-01,1.9578e+01
1.4273e-01,1.9737e+01,2.2102e+03,1.8747e+01,2.2102e+03,7.9528e+00,1.1477e+02,7.9172e+00,7.9663e+00,1.8147e-01,1.9870e+01
1.5184e-01,1.9735e+01,2.2102e+03,1.8749e+01,2.2102e+03,8.0088e+00,1.2115e+02,7.9729e+00,8.3669e+00,1.8409e-01,2.0185e+01
1.6095e-01,1.9732e+01,2.2102e+03,1.8752e+01,2.2102e+03,8.0644e+00,1.2750e+02,8.0284e+00,8.7653e+00,1.8687e-01,2.0521e+01
1.7007e-01,1.9729e+01,2.2102e+03,1.8754e+01,2.2102e+03,8.1199e+00,1.3382e+02,8.0836e+00,9.1621e+00,1.8979e-01,2.0875e+01
1.7918e-01,1.9727e+01,2.2102e+03,1.8756e+01,2.2102e+03,8.1750e+00,1.4010e+02,8.1386e+00,9.5580e+00,1.9282e-01,2.1245e+01
1.9132e-01,1.9723e+01,2.2102e+03,1.8759e+01,2.2102e+03,8.2480e+00,1.4843e+02,8.2113e+00,1.0085e+01,1.9703e-01,2.1758e+01
2.0346e-01,1.9720e+01,2.2102e+03,1.8762e+01,2.2102e+03,8.3206e+00,1.5670e+02,8.2836e+00,1.0612e+01,2.0140e-01,2.2293e+01
2.1560e-01,1.9717e+01,2.2102e+03,1.8765e+01,2.2102e+03,8.3927e+00,1.6492e+02,8.3555e+00,1.1140e+01,2.0590e-01,2.2845e+01
2.2775e-01,1.9713e+01,2.2102e+03,1.8768e+01,2.2102e+03,8.4643e+00,1.7308e+02,8.4268e+00,1.1670e+01,2.1052e-01,2.3412e+01
2.3989e-01,1.9710e+01,2.2102e+03,1.8771e+01,2.2102e+03,8.5354e+00,1.8119e+02,8.4977e+00,1.2203e+01,2.1523e-01,2.3993e+01
2.5203e-01,1.9707e+01,2.2102e+03,1.8774e+01,2.2102e+03,8.6061e+00,1.8924e+02,8.5682e+00,1.2738e+01,2.2003e-01,2.4584e+01
2.6804e-01,1.9702e+01,2.2102e+03,1.8778e+01,2.2102e+03,8.6986e+00,1.9979e+02,8.6603e+00,1.3449e+01,2.2647e-01,2.5380e+01
2.8405e-01,1.9698e+01,2.2102e+03,1.8781e+01,2.2102e+03,8.7903e+00,2.1024e+02,8.7517e+00,1.4165e+01,2.3302e-01,2.6189e+01
3.0007e-01,1.9694e+01,2.2102e+03,1.8785e+01,2.2102e+03,8.8812e+00,2.2060e+02,8.8423e+00,1.4889e+01,2.3967e-01,2.7012e+01
3.1608e-01,1.9690e+01,2.2102e+03,1.8789e+01,2.2102e+03,8.9714e+00,2.3087e+02,8.9321e+00,1.5619e+01,2.4640e-01,2.7846e+01
3.3209e-01,1.9685e+01,2.2102e+03,1.8793e+01,2.2102e+03,9.0607e+00,2.4105e+02,9.0211e+00,1.6357e+01,2.5321e-01,2.8691e+01
3.4811e-01,1.9681e+01,2.2102e+03,1.8796e+01,2.2102e+03,9.1493e+00,2.5114e+02,9.1094e+00,1.7102e+01,2.6009e-01,2.9545e+01
3.6918e-01,1.9676e+01,2.2102e+03,1.8801e+01,2.2102e+03,9.2646e+00,2.6429e+02,9.2244e+00,1.8094e+01,2.6924e-01,3.0681e+01
3.9025e-01,1.9670e+01,2.2102e+03,1.8806e+01,2.2102e+03,9.3787e+00,2.7729e+02,9.3381e+00,1.9099e+01,2.7849e-01,3.1832e+01
4.1132e-01,1.9665e+01,2.2102e+03,1.8810e+01,2.2102e+03,9.4915e+00,2.9014e+02,9.4504e+00,2.0117e+01,2.8783e-01,3.2996e+01
4.3239e-01,1.9660e+01,2.2102e+03,1.8815e+01,2.2102e+03,9.6030e+00,3.0285e+02,9.5615e+00,2.1148e+01,2.9727e-01,3.4172e+01
4.5346e-01,1.9655e+01,2.2102e+03,1.8819e+01,2.2102e+03,9.7132e+00,3.1541e+02,9.6714e+00,2.2193e+01,3.0679e-01,3.5361e+01
4.7453e-01,1.9650e+01,2.2102e+03,1.8824e+01,2.2102e+03,9.8222e+00,3.2782e+02,9.7800e+00,2.3251e+01,3.1641e-01,3.6561e+01
5.0468e-01,1.9643e+01,2.2102e+03,1.8830e+01,2.2102e+03,9.9759e+00,3.4534e+02,9.9332e+00,2.4787e+01,3.3030e-01,3.8298e+01
5.3483e-01,1.9635e+01,2.2102e+03,1.8837e+01,2.2102e+03,1.0127e+01,3.6258e+02,1.0084e+01,2.6350e+01,3.4437e-01,4.0059e+01
5.6497e-01,1.9629e+01,2.2102e+03,1.8843e+01,2.2102e+03,1.0276e+01,3.7953e+02,1.0232e+01,2.7939e+01,3.5860e-01,4.1841e+01
5.9512e-01,1.9622e+01,2.2102e+03,1.8849e+01,2.2102e+03,1.0422e+01,3.9621e+02,1.0378e+01,2.9555e+01,3.7298e-01,4.3646e+01
6.2527e-01,1.9615e+01,2.2102e+03,1.8855e+01,2.2102e+03,1.0566e+01,4.1261e+02,1.0522e+01,3.1196e+01,3.8753e-01,4.5472e+01
6.5542e-01,1.9608e+01,2.2102e+03,1.8860e+01,2.2102e+03,1.0708e+01,4.2875e+02,1.0663e+01,3.2862e+01,4.0223e-01,4.7320e+01
7.0503e-01,1.9598e+01,2.2102e+03,1.8870e+01,2.2102e+03,1.0936e+01,4.5474e+02,1.0890e+01,3.5659e+01,4.2677e-01,5.0407e+01
7.5465e-01,1.9587e+01,2.2102e+03,1.8879e+01,2.2102e+03,1.1158e+01,4.8004e+02,1.1111e+01,3.8522e+01,4.5170e-01,5.3551e+01
8.0426e-01,1.9577e+01,2.2102e+03,1.8888e+01,2.2102e+03,1.1374e+01,5.0466e+02,1.1327e+01,4.1450e+01,4.7704e-01,5.6749e+01
8.5387e-01,1.9567e+01,2.2102e+03,1.8897e+01,2.2102e+03,1.1585e+01,5.2863e+02,1.1537e+01,4.4442e+01,5.0277e-01,6.0000e+01
9.0349e-01,1.9558e+01,2.2102e+03,1.8905e+01,2.2102e+03,1.1790e+01,5.5195e+02,1.1741e+01,4.7495e+01,5.2889e-01,6.3305e+01
9.5310e-01,1.9548e+01,2.2102e+03,1.8913e+01,2.2102e+03,1.1989e+01,5.7466e+02,1.1939e+01,5.0609e+01,5.5537e-01,6.6660e+01
1.0483e+00,1.9531e+01,2.2102e+03,1.8928e+01,2.2102e+03,1.2356e+01,6.1653e+02,1.2306e+01,5.6748e+01,6.0720e-01,7.3237e+01
1.1434e+00,1.9515e+01,2.2102e+03,1.8943e+01,2.2102e+03,1.2706e+01,6.5628e+02,1.2654e+01,6.3094e+01,6.6032e-01,7.9990e+01
1.2386e+00,1.9499e+01,2.2102e+03,1.8956e+01,2.2102e+03,1.3037e+01,6.9402e+02,1.2984e+01,6.9639e+01,7.1467e-01,8.6913e+01
1.3338e+00,1.9485e+01,2.2102e+03,1.8969e+01,2.2102e+03,1.3352e+01,7.2985e+02,1.3298e+01,7.6375e+01,7.7021e-01,9.3998e+01
1.4290e+00,1.9471e+01,2.2102e+03,1.8982e+01,2.2102e+03,1.3651e+01,7.6386e+02,1.3596e+01,8.3292e+01,8.2687e-01,1.0124e+02
1.6066e+00,1.9447e+01,2.2102e+03,1.9003e+01,2.2102e+03,1.4169e+01,8.2281e+02,1.4112e+01,9.6662e+01,9.3551e-01,1.1514e+02
1.7843e+00,1.9425e+01,2.2102e+03,1.9023e+01,2.2102e+03,1.4639e+01,8.7631e+02,1.4581e+01,1.1059e+02,1.0476e+00,1.2952e+02
1.9619e+00,1.9405e+01,2.2102e+03,1.9040e+01,2.2102e+03,1.5066e+01,9.2486e+02,1.5007e+01,1.2502e+02,1.1629e+00,1.4434e+02
2.1396e+00,1.9387e+01,2.2102e+03,1.9056e+01,2.2102e+03,1.5453e+01,9.6891e+02,1.5394e+01,1.3991e+02,1.2811e+00,1.5955e+02
2.3172e+00,1.9371e+01,2.2102e+03,1.9071e+01,2.2102e+03,1.5805e+01,1.0089e+03,1.5744e+01,1.5523e+02,1.4019e+00,1.7513e+02
2.5501e+00,1.9351e+01,2.2102e+03,1.9088e+01,2.2102e+03,1.6217e+01,1.0557e+03,1.6156e+01,1.7590e+02,1.5641e+00,1.9606e+02
2.7830e+00,1.9335e+01,2.2102e+03,1.9103e+01,2.2102e+03,1.6580e+01,1.0969e+03,1.6518e+01,1.9716e+02,1.7299e+00,2.1749e+02
3.0159e+00,1.9320e+01,2.2102e+03,1.9116e+01,2.2102e+03,1.6900e+01,1.1332e+03,1.6837e+01,2.1894e+02,1.8991e+00,2.3939e+02
3.2488e+00,1.9307e+01,2.2102e+03,1.9128e+01,2.2102e+03,1.7181e+01,1.1651e+03,1.7118e+01,2.4120e+02,2.0713e+00,2.6168e+02
3.4817e+00,1.9295e+01,2.2102e+03,1.9138e+01,2.2102e+03,1.7429e+01,1.1931e+03,1.7366e+01,2.6387e+02,2.2461e+00,2.8434e+02
3.7146e+00,1.9285e+01,2.2102e+03,1.9148e+01,2.2102e+03,1.7647e+01,1.2178e+03,1.7584e+01,2.8692e+02,2.4232e+00,3.0731e+02
4.0242e+00,1.9274e+01,2.2102e+03,1.9158e+01,2.2102e+03,1.7897e+01,1.2460e+03,1.7834e+01,3.1805e+02,2.6618e+00,3.3829e+02
4.3337e+00,1.9264e+01,2.2102e+03,1.9167e+01,2.2102e+03,1.8108e+01,1.2698e+03,1.8045e+01,3.4967e+02,2.9035e+00,3.6969e+02
4.6433e+00,1.9256e+01,2.2102e+03,1.9174e+01,2.2102e+03,1.8286e+01,1.2898e+03,1.8224e+01,3.8171e+02,3.1479e+00,4.0145e+02
4.9529e+00,1.9249e+01,2.2102e+03,1.9181e+01,2.2102e+03,1.8436e+01,1.3067e+03,1.8374e+01,4.1410e+02,3.3946e+00,4.3352e+02
5.2624e+00,1.9243e+01,2.2102e+03,1.9186e+01,2.2102e+03,1.8563e+01,1.3208e+03,1.8501e+01,4.4680e+02,3.6431e+00,4.6585e+02
5.5720e+00,1.9238e+01,2.2102e+03,1.9190e+01,2.2102e+03,1.8670e+01,1.3327e+03,1.8609e+01,4.7975e+02,3.8932e+00,4.9839e+02
5.9275e+00,1.9234e+01,2.2102e+03,1.9195e+01,2.2102e+03,1.8772e+01,1.3440e+03,1.8711e+01,5.1783e+02,4.1820e+00,5.3598e+02
6.2829e+00,1.9230e+01,2.2102e+03,1.9198e+01,2.2102e+03,1.8855e+01,1.3532e+03,1.8796e+01,5.5615e+02,4.4722e+00,5.7376e+02
6.6384e+00,1.9227e+01,2.2102e+03,1.9201e+01,2.2102e+03,1.8924e+01,1.3607e+03,1.8866e+01,5.9464e+02,4.7635e+00,6.1170e+02
6.9938e+00,1.9224e+01,2.2102e+03,1.9204e+01,2.2102e+03,1.8980e+01,1.3668e+03,1.8923e+01,6.3328e+02,5.0557e+00,6.4975e+02
7.3493e+00,1.9222e+01,2.2102e+03,1.9206e+01,2.2102e+03,1.9026e+01,1.3717e+03,1.8970e+01,6.7202e+02,5.3486e+00,6.8790e+02
7.7048e+00,1.9220e+01,2.2102e+03,1.9207e+01,2.2102e+03,1.9064e+01,1.3757e+03,1.9009e+01,7.1085e+02,5.6419e+00,7.2611e+02
8.1290e+00,1.9219e+01,2.2102e+03,1.9209e+01,2.2102e+03,1.9100e+01,1.3794e+03,1.9046e+01,7.5727e+02,5.9923e+00,7.7178e+02
8.5533e+00,1.9217e+01,2.2102e+03,1.9210e+01,2.2102e+03,1.9128e+01,1.3822e+03,1.9076e+01,8.0373e+02,6.3430e+00,8.1747e+02
8.9775e+00,1.9216e+01,2.2102e+03,1.9211e+01,2.2102e+03,1.9150e+01,1.3843e+03,1.9099e+01,8.5021e+02,6.6936e+00,8.6317e+02
9.4017e+00,1.9216e+01,2.2102e+03,1.9212e+01,2.2102e+03,1.9167e+01,1.3859e+03,1.9118e+01,8.9669e+02,7.0442e+00,9.0886e+02
9.8260e+00,1.9215e+01,2.2102e+03,1.9212e+01,2.2102e+03,1.9181e+01,1.3870e+03,1.9132e+01,9.4315e+02,7.3945e+00,9.5452e+02
1.0250e+01,1.9214e+01,2.2102e+03,1.9212e+01,2.2102e+03,1.9191e+01,1.3877e+03,1.9144e+01,9.8957e+02,7.7444e+00,1.0001e+03
1.0778e+01,1.9214e+01,2.2102e+03,1.9213e+01,2.2102e+03,1.9200e+01,1.3882e+03,1.9154e+01,1.0472e+03,8.1785e+00,1.0567e+03
1.1305e+01,1.9213e+01,2.2102e+03,1.9213e+01,2.2102e+03,1.9206e+01,1.3885e+03,1.9162e+01,1.1047e+03,8.6117e+00,1.1132e+03
1.1832e+01,1.9213e+01,2.2102e+03,1.9213e+01,2.2102e+03,1.9210e+01,1.3884e+03,1.9168e+01,1.1620e+03,9.0439e+00,1.1695e+03
1.2359e+01,1.9213e+01,2.2102e+03,1.9213e+01,2.2102e+03,1.9213e+01,1.3882e+03,1.9172e+01,1.2193e+03,9.4749e+00,1.2257e+03
1.2887e+01,1.9213e+01,2.2102e+03,1.9213e+01,2.2102e+03,1.9214e+01,1.3879e+03,1.9175e+01,1.2763e+03,9.9046e+00,1.2818e+03
1.3414e+01,1.9212e+01,2.2102e+03,1.9212e+01,2.2102e+03,1.9214e+01,1.3875e+03,1.9178e+01,1.3332e+03,1.0333e+01,1.3376e+03
1.4102e+01,1.9212e+01,2.2102e+03,1.9212e+01,2.2102e+03,1.9214e+01,1.3868e+03,1.9179e+01,1.4072e+03,1.0890e+01,1.4102e+03
1.4790e+01,1.9212e+01,2.2102e+03,1.9212e+01,2.2102e+03,1.9212e+01,1.3860e+03,1.9180e+01,1.4808e+03,1.1444e+01,1.4825e+03
1.5478e+01,1.9211e+01,2.2102e+03,1.9211e+01,2.2102e+03,1.9210e+01,1.3852e+03,1.9180e+01,1.5541e+03,1.1995e+01,1.5544e+03
1.6166e+01,1.9211e+01,2.2102e+03,1.9211e+01,2.2102e+03,1.9208e+01,1.3843e+03,1.9180e+01,1.6270e+03,1.2544e+01,1.6260e+03
1.6855e+01,1.9211e+01,2.2102e+03,1.9210e+01,2.2102e+03,1.9205e+01,1.3834e+03,1.9180e+01,1.6995e+03,1.3090e+01,1.6971e+03
1.7543e+01,1.9210e+01,2.2102e+03,1.9209e+01,2.2102e+03,1.9202e+01,1.3824e+03,1.9179e+01,1.7716e+03,1.3633e+01,1.7679e+03
1.8510e+01,1.9209e+01,2.2102e+03,1.9208e+01,2.2102e+03,1.9198e+01,1.3811e+03,1.9178e+01,1.8724e+03,1.4391e+01,1.8668e+03
1.9478e+01,1.9209e+01,2.2102e+03,1.9207e+01,2.2102e+03,1.9193e+01,1.3797e+03,1.9176e+01,1.9723e+03,1.5142e+01,1.9648e+03
2.0445e+01,1.9208e+01,2.2102e+03,1.9206e+01,2.2102e+03,1.9188e+01,1.3784e+03,1.9174e+01,2.0714e+03,1.5888e+01,2.0620e+03
2.1413e+01,1.9207e+01,2.2102e+03,1.9205e+01,2.2102e+03,1.9183e+01,1.3770e+03,1.9172e+01,2.1697e+03,1.6627e+01,2.1584e+03
2.2380e+01,1.9206e+01,2.2102e+03,1.9203e+01,2.2102e+03,1.9178e+01,1.3756e+03,1.9170e+01,2.2672e+03,1.7359e+01,2.2540e+03
2.3348e+01,1.9204e+01,2.2102e+03,1.9202e+01,2.2102e+03,1.9172e+01,1.3742e+03,1.9168e+01,2.3637e+03,1.8085e+01,2.3487e+03
2.4876e+01,1.9202e+01,2.2102e+03,1.9199e+01,2.2102e+03,1.9163e+01,1.3720e+03,1.9163e+01,2.5145e+03,1.9218e+01,2.4965e+03
2.6404e+01,1.9200e+01,2.2102e+03,1.9196e+01,2.2102e+03,1.9154e+01,1.3698e+03,1.9159e+01,2.6631e+03,2.0335e+01,2.6421e+03
2.7932e+01,1.9198e+01,2.2102e+03,1.9193e+01,2.2102e+03,1.9144e+01,1.3675e+03,1.9154e+01,2.8095e+03,2.1435e+01,2.7856e+03
2.9460e+01,1.9195e+01,2.2102e+03,1.9190e+01,2.2102e+03,1.9134e+01,1.3653e+03,1.9148e+01,2.9537e+03,2.2518e+01,2.9270e+03
3.0988e+01,1.9192e+01,2.2102e+03,1.9186e+01,2.2102e+03,1.9124e+01,1.3630e+03,1.9142e+01,3.0958e+03,2.3586e+01,3.0662e+03
3.2516e+01,1.9189e+01,2.2102e+03,1.9182e+01,2.2102e+03,1.9113e+01,1.3607e+03,1.9136e+01,3.2357e+03,2.4636e+01,3.2033e+03
3.5016e+01,1.9183e+01,2.2102e+03,1.9175e+01,2.2102e+03,1.9095e+01,1.3570e+03,1.9125e+01,3.4601e+03,2.6321e+01,3.4231e+03
3.7516e+01,1.9176e+01,2.2102e+03,1.9168e+01,2.2102e+03,1.9075e+01,1.3532e+03,1.9112e+01,3.6789e+03,2.7963e+01,3.6374e+03
4.0016e+01,1.9169e+01,2.2102e+03,1.9159e+01,2.2102e+03,1.9055e+01,1.3493e+03,1.9098e+01,3.8922e+03,2.9564e+01,3.8463e+03
4.2516e+01,1.9161e+01,2.2102e+03,1.9150e+01,2.2102e+03,1.9034e+01,1.3454e+03,1.9083e+01,4.1002e+03,3.1124e+01,4.0499e+03
4.5016e+01,1.9152e+01,2.2102e+03,1.9140e+01,2.2102e+03,1.9011e+01,1.3415e+03,1.9067e+01,4.3031e+03,3.2646e+01,4.2485e+03
4.8928e+01,1.9137e+01,2.2102e+03,1.9124e+01,2.2102e+03,1.8974e+01,1.3353e+03,1.9040e+01,4.6105e+03,3.4950e+01,4.5493e+03
5.2840e+01,1.9120e+01,2.2102e+03,1.9105e+01,2.2102e+03,1.8935e+01,1.3290e+03,1.9010e+01,4.9061e+03,3.7166e+01,4.8384e+03
5.6752e+01,1.9102e+01,2.2102e+03,1.9084e+01,2.2102e+03,1.8894e+01,1.3227e+03,1.8978e+01,5.1905e+03,3.9297e+01,5.1166e+03
6.0664e+01,1.9081e+01,2.2102e+03,1.9062e+01,2.2102e+03,1.8850e+01,1.3162e+03,1.8943e+01,5.4642e+03,4.1347e+01,5.3841e+03
6.5476e+01,1.9054e+01,2.2102e+03,1.9032e+01,2.2102e+03,1.8794e+01,1.3082e+03,1.8897e+01,5.7868e+03,4.3762e+01,5.6995e+03
7.0288e+01,1.9024e+01,2.2102e+03,1.8999e+01,2.2102e+03,1.8735e+01,1.3000e+03,1.8847e+01,6.0949e+03,4.6068e+01,6.0005e+03
7.5100e+01,1.8991e+01,2.2102e+03,1.8964e+01,2.2102e+03,1.8673e+01,1.2918e+03,1.8794e+01,6.3891e+03,4.8269e+01,6.2879e+03
7.9913e+01,1.8956e+01,2.2102e+03,1.8926e+01,2.2102e+03,1.8608e+01,1.2835e+03,1.8739e+01,6.6701e+03,5.0370e+01,6.5624e+03
8.4725e+01,1.8918e+01,2.2102e+03,1.8886e+01,2.2102e+03,1.8541e+01,1.2752e+03,1.8680e+01,6.9387e+03,5.2378e+01,6.8245e+03
8.9725e+01,1.8876e+01,2.2102e+03,1.8842e+01,2.2102e+03,1.8469e+01,1.2664e+03,1.8617e+01,7.2051e+03,5.4369e+01,7.0845e+03
9.4725e+01,1.8831e+01,2.2102e+03,1.8795e+01,2.2102e+03,1.8395e+01,1.2576e+03,1.8551e+01,7.4593e+03,5.6267e+01,7.3325e+03
9.9725e+01,1.8784e+01,2.2102e+03,1.8745e+01,2.2102e+03,1.8318e+01,1.2487e+03,1.8482e+01,7.7018e+03,5.8077e+01,7.5690e+03
1.0472e+02,1.8735e+01,2.2102e+03,1.8694e+01,2.2102e+03,1.8240e+01,1.2398e+03,1.8411e+01,7.9331e+03,5.9803e+01,7.7945e+03
1.0972e+02,1.8684e+01,2.2102e+03,1.8640e+01,2.2102e+03,1.8159e+01,1.2308e+03,1.8338e+01,8.1536e+03,6.1449e+01,8.0094e+03
1.1472e+02,1.8630e+01,2.2102e+03,1.8584e+01,2.2102e+03,1.8077e+01,1.2219e+03,1.8262e+01,8.3639e+03,6.3016e+01,8.2142e+03
1.1972e+02,1.8575e+01,2.2102e+03,1.8526e+01,2.2102e+03,1.7993e+01,1.2129e+03,1.8185e+01,8.5642e+03,6.4509e+01,8.4093e+03
1.2472e+02,1.8517e+01,2.2102e+03,1.8466e+01,2.2102e+03,1.7908e+01,1.2039e+03,1.8106e+01,8.7550e+03,6.5931e+01,8.5951e+03
1.2972e+02,1.8458e+01,2.2101e+03,1.8404e+01,2.2101e+03,1.7822e+01,1.1949e+03,1.8025e+01,8.9366e+03,6.7283e+01,8.7718e+03
1.3472e+02,1.8396e+01,2.2101e+03,1.8341e+01,2.2101e+03,1.7734e+01,1.1858e+03,1.7943e+01,9.1094e+03,6.8568e+01,8.9398e+03
1.3972e+02,1.8334e+01,2.2101e+03,1.8276e+01,2.2101e+03,1.7645e+01,1.1768e+03,1.7859e+01,9.2735e+03,6.9789e+01,9.0995e+03
1.4472e+02,1.8269e+01,2.2101e+03,1.8209e+01,2.2101e+03,1.7554e+01,1.1678e+03,1.7774e+01,9.4294e+03,7.0948e+01,9.2510e+03
1.4972e+02,1.8204e+01,2.2101e+03,1.8141e+01,2.2101e+03,1.7463e+01,1.1589e+03,1.7688e+01,9.5774e+03,7.2047e+01,9.3947e+03
1.5472e+02,1.8137e+01,2.2100e+03,1.8072e+01,2.2100e+03,1.7371e+01,1.1499e+03,1.7601e+01,9.7176e+03,7.3088e+01,9.5308e+03
1.5972e+02,1.8068e+01,2.2100e+03,1.8002e+01,2.2100e+03,1.7279e+01,1.1410e+03,1.7512e+01,9.8503e+03,7.4072e+01,9.6596e+03
1.6472e+02,1.7999e+01,2.2100e+03,1.7930e+01,2.2100e+03,1.7185e+01,1.1321e+03,1.7423e+01,9.9758e+03,7.5003e+01,9.7813e+03
1.6972e+02,1.7928e+01,2.2100e+03,1.7858e+01,2.2100e+03,1.7091e+01,1.1232e+03,1.7333e+01,1.0094e+04,7.5880e+01,9.8962e+03
1.7472e+02,1.7856e+01,2.2099e+03,1.7784e+01,2.2099e+03,1.6997e+01,1.1144e+03,1.7242e+01,1.0206e+04,7.6707e+01,1.0004e+04
1.7972e+02,1.7784e+01,2.2099e+03,1.7710e+01,2.2099e+03,1.6902e+01,1.1056e+03,1.7151e+01,1.0311e+04,7.7485e+01,1.0106e+04
1.8472e+02,1.7711e+01,2.2099e+03,1.7635e+01,2.2099e+03,1.6806e+01,1.0969e+03,1.7059e+01,1.0410e+04,7.8215e+01,1.0202e+04
1.8972e+02,1.7636e+01,2.2098e+03,1.7559e+01,2.2098e+03,1.6711e+01,1.0882e+03,1.6967e+01,1.0503e+04,7.8899e+01,1.0291e+04
1.9472e+02,1.7562e+01,2.2098e+03,1.7482e+01,2.2098e+03,1.6615e+01,1.0795e+03,1.6874e+01,1.0590e+04,7.9539e+01,1.0375e+04
1.9972e+02,1.7486e+01,2.2097e+03,1.7405e+01,2.2097e+03,1.6519e+01,1.0709e+03,1.6781e+01,1.0671e+04,8.0136e+01,1.0453e+04
2.0472e+02,1.7410e+01,2.2097e+03,1.7327e+01,2.2097e+03,1.6423e+01,1.0624e+03,1.6687e+01,1.0746e+04,8.0691e+01,1.0526e+04
2.0972e+02,1.7334e+01,2.2097e+03,1.7249e+01,2.2097e+03,1.6327e+01,1.0539e+03,1.6594e+01,1.0816e+04,8.1205e+01,1.0594e+04
2.1472e+02,1.7257e+01,2.2096e+03,1.7171e+01,2.2096e+03,1.6231e+01,1.0455e+03,1.6500e+01,1.0881e+04,8.1681e+01,1.0656e+04
2.1972e+02,1.7180e+01,2.2096e+03,1.7092e+01,2.2096e+03,1.6135e+01,1.0372e+03,1.6406e+01,1.0941e+04,8.2119e+01,1.0713e+04
2.2472e+02,1.7102e+01,2.2095e+03,1.7013e+01,2.2095e+03,1.6039e+01,1.0289e+03,1.6312e+01,1.0996e+04,8.2521e+01,1.0766e+04
2.2972e+02,1.7025e+01,2.2095e+03,1.6934e+01,2.2095e+03,1.5943e+01,1.0207e+03,1.6218e+01,1.1047e+04,8.2888e+01,1.0814e+04
2.3472e+02,1.6947e+01,2.2094e+03,1.6854e+01,2.2094e+03,1.5847e+01,1.0125e+03,1.6125e+01,1.1093e+04,8.3222e+01,1.0858e+04
2.3972e+02,1.6869e+01,2.2093e+03,1.6775e+01,2.2093e+03,1.5752e+01,1.0045e+03,1.6031e+01,1.1134e+04,8.3522e+01,1.0898e+04
2.4472e+02,1.6791e+01,2.2093e+03,1.6695e+01,2.2093e+03,1.5657e+01,9.9649e+02,1.5938e+01,1.1172e+04,8.3791e+01,1.0933e+04
2.4972e+02,1.6712e+01,2.2092e+03,1.6616e+01,2.2092e+03,1.5563e+01,9.8857e+02,1.5844e+01,1.1205e+04,8.4030e+01,1.0965e+04
2.5472e+02,1.6634e+01,2.2092e+03,1.6536e+01,2.2092e+03,1.5468e+01,9.8073e+02,1.5751e+01,1.1234e+04,8.4240e+01,1.0992e+04
2.5972e+02,1.6556e+01,2.2091e+03,1.6457e+01,2.2091e+03,1.5375e+01,9.7296e+02,1.5659e+01,1.1260e+04,8.4422e+01,1.1016e+04
2.6472e+02,1.6478e+01,2.2090e+03,1.6378e+01,2.2090e+03,1.5281e+01,9.6528e+02,1.5566e+01,1.1282e+04,8.4577e+01,1.1037e+04
2.6972e+02,1.6400e+01,2.2090e+03,1.6299e+01,2.2090e+03,1.5188e+01,9.5767e+02,1.5474e+01,1.1301e+04,8.4705e+01,1.1054e+04
2.7472e+02,1.6323e+01,2.2089e+03,1.6220e+01,2.2089e+03,1.5096e+01,9.5015e+02,1.5383e+01,1.1316e+04,8.4809e+01,1.1068e+04
2.7972e+02,1.6245e+01,2.2088e+03,1.6141e+01,2.2088e+03,1.5004e+01,9.4270e+02,1.5292e+01,1.1328e+04,8.4889e+01,1.1079e+04
2.8472e+02,1.6168e+01,2.2088e+03,1.6063e+01,2.2088e+03,1.4913e+01,9.3534e+02,1.5201e+01,1.1337e+04,8.4946e+01,1.1086e+04
2.8972e+02,1.6091e+01,2.2087e+03,1.5984e+01,2.2087e+03,1.4822e+01,9.2806e+02,1.5111e+01,1.1343e+04,8.4980e+01,1.1091e+04
2.9472e+02,1.6014e+01,2.2086e+03,1.5907e+01,2.2086e+03,1.4732e+01,9.2086e+02,1.5022e+01,1.1347e+04,8.4994e+01,1.1093e+04
2.9972e+02,1.5938e+01,2.2085e+03,1.5829e+01,2.2085e+03,1.4643e+01,9.1375e+02,1.4933e+01,1.1347e+04,8.4987e+01,1.1093e+04
3.0472e+02,1.5862e+01,2.2084e+03,1.5752e+01,2.2084e+03,1.4555e+01,9.0672e+02,1.4844e+01,1.1345e+04,8.4961e+01,1.1090e+04
3.0972e+02,1.5787e+01,2.2084e+03,1.5676e+01,2.2084e+03,1.4467e+01,8.9978e+02,1.4757e+01,1.1340e+04,8.4917e+01,1.1084e+04
3.1472e+02,1.5711e+01,2.2083e+03,1.5600e+01,2.2083e+03,1.4379e+01,8.9292e+02,1.4669e+01,1.1334e+04,8.4855e+01,1.1076e+04
3.1972e+02,1.5637e+01,2.2082e+03,1.5524e+01,2.2082e+03,1.4293e+01,8.8615e+02,1.4583e+01,1.1324e+04,8.4776e+01,1.1066e+04
3.2472e+02,1.5563e+01,2.2081e+03,1.5449e+01,2.2081e+03,1.4207e+01,8.7946e+02,1.4497e+01,1.1313e+04,8.4681e+01,1.1054e+04
3.2972e+02,1.5489e+01,2.2080e+03,1.5374e+01,2.2080e+03,1.4122e+01,8.7286e+02,1.4412e+01,1.1300e+04,8.4570e+01,1.1040e+04
3.3472e+02,1.5416e+01,2.2079e+03,1.5300e+01,2.2079e+03,1.4038e+01,8.6634e+02,1.4328e+01,1.1284e+04,8.4445e+01,1.1024e+04
3.3972e+02,1.5343e+01,2.2078e+03,1.5226e+01,2.2078e+03,1.3955e+01,8.5991e+02,1.4244e+01,1.1267e+04,8.4306e+01,1.1006e+04
3.4472e+02,1.5271e+01,2.2077e+03,1.5153e+01,2.2077e+03,1.3872e+01,8.5356e+02,1.4161e+01,1.1248e+04,8.4154e+01,1.0986e+04
3.4972e+02,1.5199e+01,2.2076e+03,1.5081e+01,2.2076e+03,1.3790e+01,8.4730e+02,1.4079e+01,1.1227e+04,8.3989e+01,1.0965e+04
3.5472e+02,1.5128e+01,2.2075e+03,1.5009e+01,2.2075e+03,1.3709e+01,8.4112e+02,1.3998e+01,1.1205e+04,8.3813e+01,1.0942e+04
3.5972e+02,1.5058e+01,2.2074e+03,1.4938e+01,2.2074e+03,1.3629e+01,8.3503e+02,1.3917e+01,1.1181e+04,8.3625e+01,1.0918e+04
3.6472e+02,1.4988e+01,2.2073e+03,1.4867e+01,2.2073e+03,1.3550e+01,8.2902e+02,1.3838e+01,1.1156e+04,8.3427e+01,1.0893e+04
3.6972e+02,1.4919e+01,2.2072e+03,1.4797e+01,2.2072e+03,1.3472e+01,8.2309e+02,1.3759e+01,1.1130e+04,8.3219e+01,1.0866e+04
3.7472e+02,1.4851e+01,2.2071e+03,1.4728e+01,2.2071e+03,1.3394e+01,8.1725e+02,1.3681e+01,1.1102e+04,8.3002e+01,1.0838e+04
3.7972e+02,1.4783e+01,2.2070e+03,1.4660e+01,2.2070e+03,1.3318e+01,8.1150e+02,1.3604e+01,1.1073e+04,8.2776e+01,1.0808e+04
3.8472e+02,1.4715e+01,2.2069e+03,1.4592e+01,2.2069e+03,1.3242e+01,8.0582e+02,1.3527e+01,1.1043e+04,8.2541e+01,1.0778e+04
3.8972e+02,1.4649e+01,2.2068e+03,1.4524e+01,2.2068e+03,1.3167e+01,8.0023e+02,1.3452e+01,1.1012e+04,8.2299e+01,1.0747e+04
3.9472e+02,1.4583e+01,2.2067e+03,1.4458e+01,2.2067e+03,1.3093e+01,7.9472e+02,1.3377e+01,1.0980e+04,8.2050e+01,1.0714e+04
3.9972e+02,1.4518e+01,2.2065e+03,1.4392e+01,2.2065e+03,1.3020e+01,7.8929e+02,1.3303e+01,1.0947e+04,8.1794e+01,1.0681e+04
4.0472e+02,1.4453e+01,2.2064e+03,1.4327e+01,2.2064e+03,1.2948e+01,7.8395e+02,1.3230e+01,1.0913e+04,8.1532e+01,1.0647e+04
4.0972e+02,1.4389e+01,2.2063e+03,1.4262e+01,2.2063e+03,1.2877e+01,7.7868e+02,1.3158e+01,1.0879e+04,8.1264e+01,1.0613e+04
4.1472e+02,1.4326e+01,2.2062e+03,1.4199e+01,2.2062e+03,1.2806e+01,7.7350e+02,1.3087e+01,1.0843e+04,8.0991e+01,1.0577e+04
4.1972e+02,1.4264e+01,2.2061e+03,1.4136e+01,2.2061e+03,1.2737e+01,7.6839e+02,1.3017e+01,1.0807e+04,8.0713e+01,1.0541e+04
4.2472e+02,1.4202e+01,2.2059e+03,1.4073e+01,2.2059e+03,1.2668e+01,7.6337e+02,1.2947e+01,1.0771e+04,8.0431e+01,1.0505e+04
4.2972e+02,1.4141e+01,2.2058e+03,1.4012e+01,2.2058e+03,1.2601e+01,7.5842e+02,1.2879e+01,1.0734e+04,8.0145e+01,1.0467e+04
4.3472e+02,1.4081e+01,2.2057e+03,1.3951e+01,2.2057e+03,1.2534e+01,7.5355e+02,1.2811e+01,1.0696e+04,7.9855e+01,1.0430e+04
4.3972e+02,1.4021e+01,2.2056e+03,1.3891e+01,2.2056e+03,1.2468e+01,7.4875e+02,1.2744e+01,1.0658e+04,7.9562e+01,1.0392e+04
4.4472e+02,1.3963e+01,2.2054e+03,1.3832e+01,2.2054e+03,1.2403e+01,7.4404e+02,1.2678e+01,1.0620e+04,7.9266e+01,1.0353e+04
4.4972e+02,1.3904e+01,2.2053e+03,1.3773e+01,2.2053e+03,1.2339e+01,7.3939e+02,1.2613e+01,1.0581e+04,7.8967e+01,1.0315e+04
4.5472e+02,1.3847e+01,2.2052e+03,1.3715e+01,2.2052e+03,1.2276e+01,7.3483e+02,1.2549e+01,1.0542e+04,7.8667e+01,1.0276e+04
4.5972e+02,1.3790e+01,2.2050e+03,1.3658e+01,2.2050e+03,1.2213e+01,7.3034e+02,1.2486e+01,1.0502e+04,7.8364e+01,1.0236e+04
4.6472e+02,1.3735e+01,2.2049e+03,1.3602e+01,2.2049e+03,1.2152e+01,7.2592e+02,1.2423e+01,1.0463e+04,7.8060e+01,1.0197e+04
4.6972e+02,1.3679e+01,2.2048e+03,1.3546e+01,2.2048e+03,1.2091e+01,7.2157e+02,1.2362e+01,1.0423e+04,7.7755e+01,1.0157e+04
4.7472e+02,1.3625e+01,2.2046e+03,1.3491e+01,2.2046e+03,1.2032e+01,7.1730e+02,1.2301e+01,1.0383e+04,7.7448e+01,1.0117e+04
4.7972e+02,1.3571e+01,2.2045e+03,1.3437e+01,2.2045e+03,1.1973e+01,7.1309e+02,1.2241e+01,1.0343e+04,7.7141e+01,1.0078e+04
4.8472e+02,1.3518e+01,2.2043e+03,1.3384e+01,2.2043e+03,1.1915e+01,7.0896e+02,1.2182e+01,1.0303e+04,7.6834e+01,1.0038e+04
4.8972e+02,1.3466e+01,2.2042e+03,1.3331e+01,2.2042e+03,1.1858e+01,7.0490e+02,1.2124e+01,1.0263e+04,7.6526e+01,9.9976e+03
4.9472e+02,1.3414e+01,2.2041e+03,1.3279e+01,2.2041e+03,1.1802e+01,7.0091e+02,1.2067e+01,1.0223e+04,7.6219e+01,9.9576e+03
4.9972e+02,1.3364e+01,2.2039e+03,1.3228e+01,2.2039e+03,1.1746e+01,6.9698e+02,1.2010e+01,1.0182e+04,7.5911e+01,9.9177e+03
5.0472e+02,1.3313e+01,2.2038e+03,1.3177e+01,2.2038e+03,1.1692e+01,6.9312e+02,1.1955e+01,1.0142e+04,7.5604e+01,9.8778e+03
5.0972e+02,1.3264e+01,2.2036e+03,1.3127e+01,2.2036e+03,1.1638e+01,6.8933e+02,1.1900e+01,1.0102e+04,7.5298e+01,9.8380e+03
5.1472e+02,1.3215e+01,2.2035e+03,1.3078e+01,2.2035e+03,1.1585e+01,6.8560e+02,1.1846e+01,1.0062e+04,7.4993e+01,9.7984e+03
5.1972e+02,1.3167e+01,2.2033e+03,1.3030e+01,2.2033e+03,1.1533e+01,6.8194e+02,1.1793e+01,1.0023e+04,7.4688e+01,9.7588e+03
5.2472e+02,1.3120e+01,2.2032e+03,1.2982e+01,2.2032e+03,1.1482e+01,6.7835e+02,1.1741e+01,9.9830e+03,7.4385e+01,9.7194e+03
5.2972e+02,1.3073e+01,2.2030e+03,1.2936e+01,2.2030e+03,1.1432e+01,6.7481e+02,1.1690e+01,9.9435e+03,7.4084e+01,9.6802e+03
5.3472e+02,1.3028e+01,2.2029e+03,1.2889e+01,2.2029e+03,1.1382e+01,6.7134e+02,1.1639e+01,9.9042e+03,7.3784e+01,9.6412e+03
5.3972e+02,1.2982e+01,2.2027e+03,1.2844e+01,2.2027e+03,1.1334e+01,6.6793e+02,1.1589e+01,9.8652e+03,7.3485e+01,9.6024e+03
5.4472e+02,1.2938e+01,2.2026e+03,1.2799e+01,2.2026e+03,1.1286e+01,6.6458e+02,1.1540e+01,9.8264e+03,7.3189e+01,9.5639e+03
5.4972e+02,1.2894e+01,2.2024e+03,1.2755e+01,2.2024e+03,1.1238e+01,6.6130e+02,1.1492e+01,9.7878e+03,7.2894e+01,9.5256e+03
5.5472e+02,1.2851e+01,2.2022e+03,1.2712e+01,2.2022e+03,1.1192e+01,6.5807e+02,1.1445e+01,9.7495e+03,7.2601e+01,9.4875e+03
5.5972e+02,1.2808e+01,2.2021e+03,1.2669e+01,2.2021e+03,1.1146e+01,6.5490e+02,1.1398e+01,9.7114e+03,7.2311e+01,9.4498e+03
5.6472e+02,1.2767e+01,2.2019e+03,1.2627e+01,2.2019e+03,1.1102e+01,6.5178e+02,1.1352e+01,9.6737e+03,7.2023e+01,9.4124e+03
5.6972e+02,1.2726e+01,2.2018e+03,1.2585e+01,2.2018e+03,1.1058e+01,6.4873e+02,1.1307e+01,9.6363e+03,7.1738e+01,9.3752e+03
5.7472e+02,1.2685e+01,2.2016e+03,1.2545e+01,2.2016e+03,1.1014e+01,6.4573e+02,1.1263e+01,9.5992e+03,7.1454e+01,9.3384e+03
5.7972e+02,1.2645e+01,2.2014e+03,1.2505e+01,2.2014e+03,1.0972e+01,6.4278e+02,1.1219e+01,9.5624e+03,7.1174e+01,9.3019e+03
5.8472e+02,1.2606e+01,2.2013e+03,1.2465e+01,2.2013e+03,1.0930e+01,6.3989e+02,1.1176e+01,9.5260e+03,7.0896e+01,9.2658e+03
5.8972e+02,1.2567e+01,2.2011e+03,1.2426e+01,2.2011e+03,1.0889e+01,6.3705e+02,1.1134e+01,9.4899e+03,7.0621e+01,9.2300e+03
5.9472e+02,1.2529e+01,2.2010e+03,1.2388e+01,2.2010e+03,1.0848e+01,6.3427e+02,1.1093e+01,9.4542e+03,7.0349e+01,9.1946e+03
5.9972e+02,1.2492e+01,2.2008e+03,1.2351e+01,2.2008e+03,1.0808e+01,6.3154e+02,1.1052e+01,9.4188e+03,7.0079e+01,9.1596e+03
6.0472e+02,1.2455e+01,2.2006e+03,1.2314e+01,2.2006e+03,1.0769e+01,6.2885e+02,1.1012e+01,9.3839e+03,6.9813e+01,9.1249e+03
6.0972e+02,1.2419e+01,2.2004e+03,1.2278e+01,2.2004e+03,1.0731e+01,6.2622e+02,1.0973e+01,9.3493e+03,6.9549e+01,9.0907e+03
6.1472e+02,1.2384e+01,2.2003e+03,1.2242e+01,2.2003e+03,1.0693e+01,6.2364e+02,1.0934e+01,9.3151e+03,6.9289e+01,9.0568e+03
6.1972e+02,1.2349e+01,2.2001e+03,1.2207e+01,2.2001e+03,1.0656e+01,6.2111e+02,1.0896e+01,9.2813e+03,6.9032e+01,9.0233e+03
6.2472e+02,1.2315e+01,2.1999e+03,1.2172e+01,2.1999e+03,1.0620e+01,6.1863e+02,1.0859e+01,9.2480e+03,6.8777e+01,8.9902e+03
6.2972e+02,1.2281e+01,2.1998e+03,1.2138e+01,2.1998e+03,1.0584e+01,6.1619e+02,1.0823e+01,9.2150e+03,6.8526e+01,8.9576e+03
6.3472e+02,1.2248e+01,2.1996e+03,1.2105e+01,2.1996e+03,1.0549e+01,6.1380e+02,1.0787e+01,9.1824e+03,6.8278e+01,8.9253e+03
6.3972e+02,1.2215e+01,2.1994e+03,1.2072e+01,2.1994e+03,1.0515e+01,6.1145e+02,1.0751e+01,9.1503e+03,6.8033e+01,8.8935e+03
6.4472e+02,1.2183e+01,2.1992e+03,1.2040e+01,2.1992e+03,1.0481e+01,6.0915e+02,1.0717e+01,9.1185e+03,6.7792e+01,8.8620e+03
6.4972e+02,1.2152e+01,2.1991e+03,1.2009e+01,2.1991e+03,1.0448e+01,6.0690e+02,1.0683e+01,9.0872e+03,6.7553e+01,8.8310e+03
6.5472e+02,1.2121e+01,2.1989e+03,1.1978e+01,2.1989e+03,1.0415e+01,6.0469e+02,1.0649e+01,9.0563e+03,6.7318e+01,8.8004e+03
6.5972e+02,1.2091e+01,2.1987e+03,1.1947e+01,2.1987e+03,1.0383e+01,6.0252e+02,1.0616e+01,9.0259e+03,6.7086e+01,8.7703e+03
6.6472e+02,1.2061e+01,2.1985e+03,1.1917e+01,2.1985e+03,1.0352e+01,6.0039e+02,1.0584e+01,8.9958e+03,6.6858e+01,8.7405e+03
6.6972e+02,1.2032e+01,2.1984e+03,1.1888e+01,2.1984e+03,1.0321e+01,5.9830e+02,1.0553e+01,8.9662e+03,6.6632e+01,8.7112e+03
6.7472e+02,1.2003e+01,2.1982e+03,1.1859e+01,2.1982e+03,1.0291e+01,5.9626e+02,1.0522e+01,8.9370e+03,6.6410e+01,8.6823e+03
6.7972e+02,1.1974e+01,2.1980e+03,1.1831e+01,2.1980e+03,1.0261e+01,5.9425e+02,1.0491e+01,8.9082e+03,6.6191e+01,8.6538e+03
6.8472e+02,1.1947e+01,2.1978e+03,1.1803e+01,2.1978e+03,1.0232e+01,5.9229e+02,1.0461e+01,8.8799e+03,6.5976e+01,8.6258e+03
6.8972e+02,1.1919e+01,2.1977e+03,1.1775e+01,2.1977e+03,1.0203e+01,5.9036e+02,1.0432e+01,8.8520e+03,6.5763e+01,8.5981e+03
6.9472e+02,1.1893e+01,2.1975e+03,1.1748e+01,2.1975e+03,1.0175e+01,5.8847e+02,1.0403e+01,8.8244e+03,6.5554e+01,8.5709e+03
6.9972e+02,1.1866e+01,2.1973e+03,1.1722e+01,2.1973e+03,1.0148e+01,5.8662e+02,1.0375e+01,8.7974e+03,6.5348e+01,8.5441e+03
7.0472e+02,1.1841e+01,2.1971e+03,1.1696e+01,2.1971e+03,1.0121e+01,5.8480e+02,1.0347e+01,8.7707e+03,6.5145e+01,8.5177e+03
7.0972e+02,1.1815e+01,2.1969e+03,1.1671e+01,2.1969e+03,1.0094e+01,5.8302e+02,1.0320e+01,8.7444e+03,6.4946e+01,8.4917e+03
7.1472e+02,1.1790e+01,2.1967e+03,1.1646e+01,2.1967e+03,1.0068e+01,5.8128e+02,1.0293e+01,8.7186e+03,6.4749e+01,8.4662e+03
7.1972e+02,1.1766e+01,2.1966e+03,1.1621e+01,2.1966e+03,1.0043e+01,5.7957e+02,1.0267e+01,8.6932e+03,6.4556e+01,8.4410e+03
7.2472e+02,1.1742e+01,2.1964e+03,1.1597e+01,2.1964e+03,1.0018e+01,5.7790e+02,1.0241e+01,8.6681e+03,6.4366e+01,8.4163e+03
7.2972e+02,1.1719e+01,2.1962e+03,1.1574e+01,2.1962e+03,9.9933e+00,5.7625e+02,1.0216e+01,8.6435e+03,6.4179e+01,8.3919e+03
7.3472e+02,1.1695e+01,2.1960e+03,1.1550e+01,2.1960e+03,9.9693e+00,5.7464e+02,1.0192e+01,8.6193e+03,6.3995e+01,8.3680e+03
7.3972e+02,1.1673e+01,2.1958e+03,1.1528e+01,2.1958e+03,9.9457e+00,5.7307e+02,1.0167e+01,8.5955e+03,6.3814e+01,8.3444e+03
7.4472e+02,1.1651e+01,2.1956e+03,1.1505e+01,2.1956e+03,9.9226e+00,5.7152e+02,1.0144e+01,8.5721e+03,6.3636e+01,8.3213e+03
7.4972e+02,1.1629e+01,2.1954e+03,1.1483e+01,2.1954e+03,9.8999e+00,5.7001e+02,1.0120e+01,8.5490e+03,6.3461e+01,8.2985e+03
7.5472e+02,1.1607e+01,2.1953e+03,1.1462e+01,2.1953e+03,9.8776e+00,5.6852e+02,1.0097e+01,8.5264e+03,6.3288e+01,8.2761e+03
7.5972e+02,1.1586e+01,2.1951e+03,1.1441e+01,2.1951e+03,9.8558e+00,5.6707e+02,1.0075e+01,8.5041e+03,6.3119e+01,8.2541e+03
7.6472e+02,1.1566e+01,2.1949e+03,1.1420e+01,2.1949e+03,9.8344e+00,5.6564e+02,1.0053e+01,8.4822e+03,6.2953e+01,8.2324e+03
7.6972e+02,1.1545e+01,2.1947e+03,1.1400e+01,2.1947e+03,9.8135e+00,5.6424e+02,1.0031e+01,8.4607e+03,6.2790e+01,8.2112e+03
7.7472e+02,1.1526e+01,2.1945e+03,1.1380e+01,2.1945e+03,9.7929e+00,5.6288e+02,1.0010e+01,8.4396e+03,6.2629e+01,8.1903e+03
7.7972e+02,1.1506e+01,2.1943e+03,1.1360e+01,2.1943e+03,9.7727e+00,5.6154e+02,9.9896e+00,8.4188e+03,6.2471e+01,8.1698e+03
7.8472e+02,1.1487e+01,2.1941e+03,1.1341e+01,2.1941e+03,9.7530e+00,5.6022e+02,9.9693e+00,8.3984e+03,6.2316e+01,8.1496e+03
7.8972e+02,1.1468e+01,2.1939e+03,1.1323e+01,2.1939e+03,9.7336e+00,5.5893e+02,9.9494e+00,8.3784e+03,6.2164e+01,8.1298e+03
7.9472e+02,1.1450e+01,2.1937e+03,1.1304e+01,2.1937e+03,9.7146e+00,5.5767e+02,9.9298e+00,8.3587e+03,6.2015e+01,8.1103e+03
7.9972e+02,1.1432e+01,2.1935e+03,1.1286e+01,2.1935e+03,9.6960e+00,5.5644e+02,9.9107e+00,8.3393e+03,6.1868e+01,8.0912e+03
8.0472e+02,1.1414e+01,2.1933e+03,1.1268e+01,2.1933e+03,9.6777e+00,5.5523e+02,9.8919e+00,8.3203e+03,6.1723e+01,8.0724e+03
8.0972e+02,1.1397e+01,2.1932e+03,1.1251e+01,2.1932e+03,9.6598e+00,5.5404e+02,9.8735e+00,8.3017e+03,6.1582e+01,8.0540e+03
8.1472e+02,1.1380e+01,2.1930e+03,1.1234e+01,2.1930e+03,9.6423e+00,5.5288e+02,9.8554e+00,8.2833e+03,6.1443e+01,8.0358e+03
8.1972e+02,1.1363e+01,2.1928e+03,1.1217e+01,2.1928e+03,9.6250e+00,5.5174e+02,9.8377e+00,8.2653e+03,6.1306e+01,8.0181e+03
8.2472e+02,1.1347e+01,2.1926e+03,1.1201e+01,2.1926e+03,9.6082e+00,5.5062e+02,9.8204e+00,8.2477e+03,6.1172e+01,8.0006e+03
8.2972e+02,1.1331e+01,2.1924e+03,1.1185e+01,2.1924e+03,9.5916e+00,5.4953e+02,9.8034e+00,8.2303e+03,6.1040e+01,7.9834e+03
8.3472e+02,1.1315e+01,2.1922e+03,1.1169e+01,2.1922e+03,9.5754e+00,5.4846e+02,9.7867e+00,8.2133e+03,6.0911e+01,7.9666e+03
8.3972e+02,1.1299e+01,2.1920e+03,1.1153e+01,2.1920e+03,9.5596e+00,5.4741e+02,9.7703e+00,8.1965e+03,6.0784e+01,7.9501e+03
8.4472e+02,1.1284e+01,2.1918e+03,1.1138e+01,2.1918e+03,9.5440e+00,5.4638e+02,9.7543e+00,8.1801e+03,6.0659e+01,7.9339e+03
8.4972e+02,1.1269e+01,2.1916e+03,1.1123e+01,2.1916e+03,9.5287e+00,5.4537e+02,9.7386e+00,8.1640e+03,6.0537e+01,7.9179e+03
8.5472e+02,1.1255e+01,2.1914e+03,1.1108e+01,2.1914e+03,9.5138e+00,5.4439e+02,9.7232e+00,8.1482e+03,6.0417e+01,7.9023e+03
8.5972e+02,1.1240e+01,2.1912e+03,1.1094e+01,2.1912e+03,9.4991e+00,5.4342e+02,9.7081e+00,8.1327e+03,6.0299e+01,7.8870e+03
8.6472e+02,1.1226e+01,2.1910e+03,1.1080e+01,2.1910e+03,9.4847e+00,5.4247e+02,9.6933e+00,8.1174e+03,6.0183e+01,7.8719e+03
8.6972e+02,1.1213e+01,2.1908e+03,1.1066e+01,2.1908e+03,9.4706e+00,5.4154e+02,9.6788e+00,8.1025e+03,6.0070e+01,7.8571e+03
8.7472e+02,1.1199e+01,2.1906e+03,1.1053e+01,2.1906e+03,9.4568e+00,5.4063e+02,9.6646e+00,8.0878e+03,5.9958e+01,7.8426e+03
8.7972e+02,1.1186e+01,2.1904e+03,1.1040e+01,2.1904e+03,9.4433e+00,5.3974e+02,9.6507e+00,8.0734e+03,5.9849e+01,7.8284e+03
8.8472e+02,1.1173e+01,2.1902e+03,1.1027e+01,2.1902e+03,9.4300e+00,5.3887e+02,9.6370e+00,8.0592e+03,5.9742e+01,7.8144e+03
8.8972e+02,1.1160e+01,2.1900e+03,1.1014e+01,2.1900e+03,9.4170e+00,5.3802e+02,9.6236e+00,8.0453e+03,5.9636e+01,7.8007e+03
8.9472e+02,1.1148e+01,2.1898e+03,1.1001e+01,2.1898e+03,9.4042e+00,5.3718e+02,9.6105e+00,8.0317e+03,5.9533e+01,7.7873e+03
8.9972e+02,1.1135e+01,2.1896e+03,1.0989e+01,2.1896e+03,9.3917e+00,5.3636e+02,9.5976e+00,8.0184e+03,5.9432e+01,7.7741e+03
9.0472e+02,1.1123e+01,2.1894e+03,1.0977e+01,2.1894e+03,9.3795e+00,5.3555e+02,9.5850e+00,8.0052e+03,5.9332e+01,7.7611e+03
9.0972e+02,1.1112e+01,2.1892e+03,1.0965e+01,2.1892e+03,9.3674e+00,5.3476e+02,9.5726e+00,7.9924e+03,5.9235e+01,7.7484e+03
9.1472e+02,1.1100e+01,2.1890e+03,1.0954e+01,2.1890e+03,9.3557e+00,5.3399e+02,9.5605e+00,7.9797e+03,5.9139e+01,7.7360e+03
9.1972e+02,1.1089e+01,2.1888e+03,1.0942e+01,2.1888e+03,9.3441e+00,5.3323e+02,9.5486e+00,7.9674e+03,5.9045e+01,7.7237e+03
9.2472e+02,1.1078e+01,2.1886e+03,1.0931e+01,2.1886e+03,9.3328e+00,5.3249e+02,9.5370e+00,7.9552e+03,5.8953e+01,7.7117e+03
9.2972e+02,1.1067e+01,2.1884e+03,1.0920e+01,2.1884e+03,9.3217e+00,5.3177e+02,9.5256e+00,7.9433e+03,5.8862e+01,7.6999e+03
9.3472e+02,1.1056e+01,2.1882e+03,1.0909e+01,2.1882e+03,9.3108e+00,5.3105e+02,9.5144e+00,7.9316e+03,5.8773e+01,7.6884e+03
9.3972e+02,1.1046e+01,2.1880e+03,1.0899e+01,2.1880e+03,9.3001e+00,5.3036e+02,9.5034e+00,7.9201e+03,5.8686e+01,7.6770e+03
9.4472e+02,1.1035e+01,2.1878e+03,1.0889e+01,2.1878e+03,9.2897e+00,5.2967e+02,9.4926e+00,7.9088e+03,5.8601e+01,7.6659e+03
9.4972e+02,1.1025e+01,2.1876e+03,1.0879e+01,2.1876e+03,9.2794e+00,5.2900e+02,9.4821e+00,7.8978e+03,5.8517e+01,7.6550e+03
9.5472e+02,1.1015e+01,2.1874e+03,1.0869e+01,2.1874e+03,9.2694e+00,5.2834e+02,9.4717e+00,7.8869e+03,5.8435e+01,7.6443e+03
9.5972e+02,1.1006e+01,2.1872e+03,1.0859e+01,2.1872e+03,9.2595e+00,5.2770e+02,9.4616e+00,7.8763e+03,5.8354e+01,7.6338e+03
9.6472e+02,1.0996e+01,2.1870e+03,1.0849e+01,2.1870e+03,9.2499e+00,5.2707e+02,9.4516e+00,7.8658e+03,5.8275e+01,7.6235e+03
9.6972e+02,1.0987e+01,2.1868e+03,1.0840e+01,2.1868e+03,9.2404e+00,5.2645e+02,9.4418e+00,7.8556e+03,5.8197e+01,7.6134e+03
9.7472e+02,1.0978e+01,2.1866e+03,1.0831e+01,2.1866e+03,9.2311e+00,5.2584e+02,9.4323e+00,7.8455e+03,5.8121e+01,7.6034e+03
9.7972e+02,1.0969e+01,2.1864e+03,1.0822e+01,2.1864e+03,9.2220e+00,5.2525e+02,9.4229e+00,7.8356e+03,5.8046e+01,7.5937e+03
9.8472e+02,1.0960e+01,2.1862e+03,1.0813e+01,2.1862e+03,9.2130e+00,5.2467e+02,9.4137e+00,7.8260e+03,5.7973e+01,7.5841e+03
9.8972e+02,1.0951e+01,2.1860e+03,1.0804e+01,2.1860e+03,9.2043e+00,5.2409e+02,9.4047e+00,7.8165e+03,5.7901e+01,7.5747e+03
9.9472e+02,1.0943e+01,2.1858e+03,1.0796e+01,2.1858e+03,9.1957e+00,5.2353e+02,9.3958e+00,7.8071e+03,5.7830e+01,7.5655e+03
9.9972e+02,1.0934e+01,2.1856e+03,1.0787e+01,2.1856e+03,9.1873e+00,5.2299e+02,9.3871e+00,7.7980e+03,5.7761e+01,7.5565e+03
1.0047e+03,1.0926e+01,2.1854e+03,1.0779e+01,2.1854e+03,9.1790e+00,5.2245e+02,9.3786e+00,7.7890e+03,5.7693e+01,7.5476e+03
1.0097e+03,1.0918e+01,2.1852e+03,1.0771e+01,2.1852e+03,9.1709e+00,5.2192e+02,9.3703e+00,7.7802e+03,5.7626e+01,7.5390e+03
1.0147e+03,1.0910e+01,2.1850e+03,1.0763e+01,2.1850e+03,9.1629e+00,5.2140e+02,9.3621e+00,7.7715e+03,5.7560e+01,7.5304e+03
1.0197e+03,1.0902e+01,2.1848e+03,1.0756e+01,2.1848e+03,9.1551e+00,5.2089e+02,9.3540e+00,7.7630e+03,5.7496e+01,7.5220e+03
1.0247e+03,1.0895e+01,2.1846e+03,1.0748e+01,2.1846e+03,9.1475e+00,5.2040e+02,9.3462e+00,7.7547e+03,5.7433e+01,7.5138e+03
1.0297e+03,1.0887e+01,2.1844e+03,1.0740e+01,2.1844e+03,9.1399e+00,5.1991e+02,9.3384e+00,7.7465e+03,5.7371e+01,7.5057e+03
1.0347e+03,1.0880e+01,2.1842e+03,1.0733e+01,2.1842e+03,9.1326e+00,5.1943e+02,9.3308e+00,7.7385e+03,5.7310e+01,7.4978e+03
1.0397e+03,1.0873e+01,2.1840e+03,1.0726e+01,2.1840e+03,9.1254e+00,5.1896e+02,9.3234e+00,7.7306e+03,5.7250e+01,7.4901e+03
1.0447e+03,1.0866e+01,2.1838e+03,1.0719e+01,2.1838e+03,9.1183e+00,5.1850e+02,9.3161e+00,7.7229e+03,5.7192e+01,7.4824e+03
1.0497e+03,1.0859e+01,2.1836e+03,1.0712e+01,2.1836e+03,9.1113e+00,5.1805e+02,9.3089e+00,7.7153e+03,5.7134e+01,7.4749e+03
1.0547e+03,1.0852e+01,2.1834e+03,1.0705e+01,2.1834e+03,9.1045e+00,5.1760e+02,9.3019e+00,7.7078e+03,5.7078e+01,7.4676e+03
1.0597e+03,1.0845e+01,2.1832e+03,1.0699e+01,2.1832e+03,9.0978e+00,5.1717e+02,9.2950e+00,7.7005e+03,5.7022e+01,7.4604e+03
1.0647e+03,1.0839e+01,2.1829e+03,1.0692e+01,2.1829e+03,9.0912e+00,5.1674e+02,9.2882e+00,7.6933e+03,5.6968e+01,7.4533e+03
1.0697e+03,1.0832e+01,2.1827e+03,1.0686e+01,2.1827e+03,9.0847e+00,5.1632e+02,9.2815e+00,7.6863e+03,5.6914e+01,7.4463e+03
1.0747e+03,1.0826e+01,2.1825e+03,1.0679e+01,2.1825e+03,9.0784e+00,5.1591e+02,9.2750e+00,7.6794e+03,5.6862e+01,7.4395e+03
1.0797e+03,1.0820e+01,2.1823e+03,1.0673e+01,2.1823e+03,9.0722e+00,5.1551e+02,9.2686e+00,7.6726e+03,5.6810e+01,7.4328e+03
1.0847e+03,1.0814e+01,2.1821e+03,1.0667e+01,2.1821e+03,9.0661e+00,5.1512e+02,9.2623e+00,7.6659e+03,5.6760e+01,7.4262e+03
1.0897e+03,1.0808e+01,2.1819e+03,1.0661e+01,2.1819e+03,9.0601e+00,5.1473e+02,9.2561e+00,7.6593e+03,5.6710e+01,7.4197e+03
1.0947e+03,1.0802e+01,2.1817e+03,1.0655e+01,2.1817e+03,9.0542e+00,5.1435e+02,9.2501e+00,7.6529e+03,5.6661e+01,7.4134e+03
1.0997e+03,1.0796e+01,2.1815e+03,1.0649e+01,2.1815e+03,9.0484e+00,5.1397e+02,9.2441e+00,7.6466e+03,5.6613e+01,7.4071e+03
1.1047e+03,1.0790e+01,2.1813e+03,1.0644e+01,2.1813e+03,9.0427e+00,5.1361e+02,9.2383e+00,7.6403e+03,5.6566e+01,7.4010e+03
1.1097e+03,1.0785e+01,2.1811e+03,1.0638e+01,2.1811e+03,9.0371e+00,5.1325e+02,9.2325e+00,7.6342e+03,5.6520e+01,7.3950e+03
1.1147e+03,1.0779e+01,2.1809e+03,1.0632e+01,2.1809e+03,9.0317e+00,5.1289e+02,9.2269e+00,7.6282e+03,5.6475e+01,7.3890e+03
1.1197e+03,1.0774e+01,2.1807e+03,1.0627e+01,2.1807e+03,9.0263e+00,5.1254e+02,9.2214e+00,7.6223e+03,5.6430e+01,7.3832e+03
1.1247e+03,1.0769e+01,2.1805e+03,1.0622e+01,2.1805e+03,9.0210e+00,5.1220e+02,9.2159e+00,7.6166e+03,5.6386e+01,7.3775e+03
1.1297e+03,1.0763e+01,2.1803e+03,1.0617e+01,2.1803e+03,9.0158e+00,5.1187e+02,9.2106e+00,7.6109e+03,5.6343e+01,7.3719e+03
1.1347e+03,1.0758e+01,2.1801e+03,1.0611e+01,2.1801e+03,9.0107e+00,5.1154e+02,9.2053e+00,7.6053e+03,5.6301e+01,7.3664e+03
1.1397e+03,1.0753e+01,2.1799e+03,1.0606e+01,2.1799e+03,9.0057e+00,5.1122e+02,9.2002e+00,7.5998e+03,5.6259e+01,7.3610e+03
1.1447e+03,1.0748e+01,2.1797e+03,1.0601e+01,2.1797e+03,9.0008e+00,5.1090e+02,9.1951e+00,7.5944e+03,5.6218e+01,7.3557e+03
1.1497e+03,1.0743e+01,2.1795e+03,1.0597e+01,2.1795e+03,8.9959e+00,5.1059e+02,9.1901e+00,7.5891e+03,5.6178e+01,7.3504e+03
1.1547e+03,1.0739e+01,2.1792e+03,1.0592e+01,2.1792e+03,8.9912e+00,5.1028e+02,9.1852e+00,7.5839e+03,5.6139e+01,7.3453e+03
1.1597e+03,1.0734e+01,2.1790e+03,1.0587e+01,2.1790e+03,8.9865e+00,5.0998e+02,9.1804e+00,7.5787e+03,5.6100e+01,7.3402e+03
1.1647e+03,1.0729e+01,2.1788e+03,1.0583e+01,2.1788e+03,8.9819e+00,5.0969e+02,9.1757e+00,7.5737e+03,5.6061e+01,7.3352e+03
1.1697e+03,1.0725e+01,2.1786e+03,1.0578e+01,2.1786e+03,8.9774e+00,5.0940e+02,9.1710e+00,7.5687e+03,5.6024e+01,7.3304e+03
1.1747e+03,1.0720e+01,2.1784e+03,1.0573e+01,2.1784e+03,8.9730e+00,5.0911e+02,9.1664e+00,7.5639e+03,5.5987e+01,7.3255e+03
1.1797e+03,1.0716e+01,2.1782e+03,1.0569e+01,2.1782e+03,8.9686e+00,5.0883e+02,9.1619e+00,7.5591e+03,5.5951e+01,7.3208e+03
1.1847e+03,1.0712e+01,2.1780e+03,1.0565e+01,2.1780e+03,8.9643e+00,5.0855e+02,9.1575e+00,7.5543e+03,5.5915e+01,7.3162e+03
1.1897e+03,1.0707e+01,2.1778e+03,1.0560e+01,2.1778e+03,8.9601e+00,5.0828e+02,9.1532e+00,7.5497e+03,5.5880e+01,7.3116e+03
1.1947e+03,1.0703e+01,2.1776e+03,1.0556e+01,2.1776e+03,8.9560e+00,5.0802e+02,9.1489e+00,7.5451e+03,5.5845e+01,7.3071e+03
1.1997e+03,1.0699e+01,2.1774e+03,1.0552e+01,2.1774e+03,8.9519e+00,5.0775e+02,9.1447e+00,7.5407e+03,5.5811e+01,7.3027e+03
1.2047e+03,1.0695e+01,2.1772e+03,1.0548e+01,2.1772e+03,8.9479e+00,5.0750e+02,9.1406e+00,7.5362e+03,5.5778e+01,7.2983e+03
1.2097e+03,1.0691e+01,2.1770e+03,1.0544e+01,2.1770e+03,8.9439e+00,5.0724e+02,9.1365e+00,7.5319e+03,5.5745e+01,7.2940e+03
1.2147e+03,1.0687e+01,2.1768e+03,1.0540e+01,2.1768e+03,8.9400e+00,5.0699e+02,9.1325e+00,7.5276e+03,5.5713e+01,7.2898e+03
1.2197e+03,1.0683e+01,2.1766e+03,1.0536e+01,2.1766e+03,8.9362e+00,5.0675e+02,9.1285e+00,7.5234e+03,5.5681e+01,7.2857e+03
1.2247e+03,1.0679e+01,2.1763e+03,1.0532e+01,2.1763e+03,8.9324e+00,5.0651e+02,9.1247e+00,7.5193e+03,5.5650e+01,7.2816e+03
1.2297e+03,1.0675e+01,2.1761e+03,1.0529e+01,2.1761e+03,8.9287e+00,5.0627e+02,9.1209e+00,7.5152e+03,5.5619e+01,7.2776e+03
1.2347e+03,1.0672e+01,2.1759e+03,1.0525e+01,2.1759e+03,8.9251e+00,5.0604e+02,9.1171e+00,7.5112e+03,5.5588e+01,7.2736e+03
1.2397e+03,1.0668e+01,2.1757e+03,1.0521e+01,2.1757e+03,8.9215e+00,5.0581e+02,9.1134e+00,7.5072e+03,5.5558e+01,7.2697e+03
1.2447e+03,1.0665e+01,2.1755e+03,1.0518e+01,2.1755e+03,8.9179e+00,5.0558e+02,9.1098e+00,7.5033e+03,5.5529e+01,7.2659e+03
1.2497e+03,1.0661e+01,2.1753e+03,1.0514e+01,2.1753e+03,8.9145e+00,5.0536e+02,9.1062e+00,7.4995e+03,5.5500e+01,7.2621e+03
1.2547e+03,1.0657e+01,2.1751e+03,1.0511e+01,2.1751e+03,8.9110e+00,5.0514e+02,9.1026e+00,7.4957e+03,5.5471e+01,7.2584e+03
1.2597e+03,1.0654e+01,2.1749e+03,1.0507e+01,2.1749e+03,8.9077e+00,5.0492e+02,9.0992e+00,7.4920e+03,5.5443e+01,7.2547e+03
1.2647e+03,1.0651e+01,2.1747e+03,1.0504e+01,2.1747e+03,8.9043e+00,5.0471e+02,9.0957e+00,7.4884e+03,5.5416e+01,7.2511e+03
1.2697e+03,1.0647e+01,2.1745e+03,1.0501e+01,2.1745e+03,8.9011e+00,5.0450e+02,9.0924e+00,7.4847e+03,5.5388e+01,7.2476e+03
1.2747e+03,1.0644e+01,2.1743e+03,1.0497e+01,2.1743e+03,8.8978e+00,5.0430e+02,9.0890e+00,7.4812e+03,5.5361e+01,7.2441e+03
1.2797e+03,1.0641e+01,2.1741e+03,1.0494e+01,2.1741e+03,8.8946e+00,5.0409e+02,9.0857e+00,7.4777e+03,5.5335e+01,7.2406e+03
1.2847e+03,1.0638e+01,2.1738e+03,1.0491e+01,2.1738e+03,8.8915e+00,5.0389e+02,9.0825e+00,7.4742e+03,5.5309e+01,7.2372e+03
1.2897e+03,1.0634e+01,2.1736e+03,1.0488e+01,2.1736e+03,8.8884e+00,5.0370e+02,9.0793e+00,7.4708e+03,5.5283e+01,7.2339e+03
1.2947e+03,1.0631e+01,2.1734e+03,1.0485e+01,2.1734e+03,8.8854e+00,5.0350e+02,9.0762e+00,7.4675e+03,5.5258e+01,7.2306e+03
1.2997e+03,1.0628e+01,2.1732e+03,1.0482e+01,2.1732e+03,8.8824e+00,5.0331e+02,9.0731e+00,7.4642e+03,5.5233e+01,7.2273e+03
1.3047e+03,1.0625e+01,2.1730e+03,1.0478e+01,2.1730e+03,8.8794e+00,5.0312e+02,9.0701e+00,7.4609e+03,5.5208e+01,7.2241e+03
1.3097e+03,1.0622e+01,2.1728e+03,1.0475e+01,2.1728e+03,8.8765e+00,5.0294e+02,9.0670e+00,7.4577e+03,5.5184e+01,7.2209e+03
1.3147e+03,1.0619e+01,2.1726e+03,1.0473e+01,2.1726e+03,8.8736e+00,5.0275e+02,9.0641e+00,7.4545e+03,5.5160e+01,7.2178e+03
1.3197e+03,1.0616e+01,2.1724e+03,1.0470e+01,2.1724e+03,8.8708e+00,5.0257e+02,9.0612e+00,7.4514e+03,5.5136e+01,7.2147e+03
1.3247e+03,1.0613e+01,2.1722e+03,1.0467e+01,2.1722e+03,8.8680e+00,5.0240e+02,9.0583e+00,7.4483e+03,5.5113e+01,7.2117e+03
1.3297e+03,1.0611e+01,2.1720e+03,1.0464e+01,2.1720e+03,8.8652e+00,5.0222e+02,9.0554e+00,7.4453e+03,5.5090e+01,7.2087e+03
1.3347e+03,1.0608e+01,2.1718e+03,1.0461e+01,2.1718e+03,8.8625e+00,5.0205e+02,9.0526e+00,7.4423e+03,5.5067e+01,7.2057e+03
1.3397e+03,1.0605e+01,2.1716e+03,1.0458e+01,2.1716e+03,8.8598e+00,5.0188e+02,9.0498e+00,7.4393e+03,5.5045e+01,7.2028e+03
1.3447e+03,1.0602e+01,2.1714e+03,1.0456e+01,2.1714e+03,8.8571e+00,5.0171e+02,9.0471e+00,7.4364e+03,5.5022e+01,7.1999e+03
1.3497e+03,1.0600e+01,2.1711e+03,1.0453e+01,2.1711e+03,8.8545e+00,5.0154e+02,9.0444e+00,7.4335e+03,5.5001e+01,7.1971e+03
1.3547e+03,1.0597e+01,2.1709e+03,1.0450e+01,2.1709e+03,8.8519e+00,5.0138e+02,9.0417e+00,7.4306e+03,5.4979e+01,7.1943e+03
1.3597e+03,1.0594e+01,2.1707e+03,1.0448e+01,2.1707e+03,8.8494e+00,5.0122e+02,9.0391e+00,7.4278e+03,5.4958e+01,7.1915e+03
1.3647e+03,1.0592e+01,2.1705e+03,1.0445e+01,2.1705e+03,8.8468e+00,5.0106e+02,9.0365e+00,7.4250e+03,5.4937e+01,7.1887e+03
1.3697e+03,1.0589e+01,2.1703e+03,1.0442e+01,2.1703e+03,8.8444e+00,5.0090e+02,9.0339e+00,7.4223e+03,5.4916e+01,7.1860e+03
1.3747e+03,1.0586e+01,2.1701e+03,1.0440e+01,2.1701e+03,8.8419e+00,5.0074e+02,9.0314e+00,7.4196e+03,5.4895e+01,7.1834e+03
1.3797e+03,1.0584e+01,2.1699e+03,1.0437e+01,2.1699e+03,8.8395e+00,5.0059e+02,9.0289e+00,7.4169e+03,5.4875e+01,7.1807e+03
1.3847e+03,1.0581e+01,2.1697e+03,1.0435e+01,2.1697e+03,8.8371e+00,5.0044e+02,9.0264e+00,7.4142e+03,5.4855e+01,7.1781e+03
1.3897e+03,1.0579e+01,2.1695e+03,1.0432e+01,2.1695e+03,8.8347e+00,5.0029e+02,9.0240e+00,7.4116e+03,5.4835e+01,7.1755e+03
1.3947e+03,1.0577e+01,2.1693e+03,1.0430e+01,2.1693e+03,8.8323e+00,5.0014e+02,9.0216e+00,7.4090e+03,5.4816e+01,7.1730e+03
1.3997e+03,1.0574e+01,2.1691e+03,1.0428e+01,2.1691e+03,8.8300e+00,4.9999e+02,9.0192e+00,7.4065e+03,5.4797e+01,7.1705e+03
1.4047e+03,1.0572e+01,2.1688e+03,1.0425e+01,2.1688e+03,8.8277e+00,4.9985e+02,9.0168e+00,7.4040e+03,5.4777e+01,7.1680e+03
1.4097e+03,1.0569e+01,2.1686e+03,1.0423e+01,2.1686e+03,8.8255e+00,4.9971e+02,9.0145e+00,7.4015e+03,5.4759e+01,7.1655e+03
1.4147e+03,1.0567e+01,2.1684e+03,1.0421e+01,2.1684e+03,8.8232e+00,4.9956e+02,9.0122e+00,7.3990e+03,5.4740e+01,7.1631e+03
1.4197e+03,1.0565e+01,2.1682e+03,1.0418e+01,2.1682e+03,8.8210e+00,4.9942e+02,9.0099e+00,7.3965e+03,5.4721e+01,7.1607e+03
1.4247e+03,1.0563e+01,2.1680e+03,1.0416e+01,2.1680e+03,8.8188e+00,4.9929e+02,9.0076e+00,7.3941e+03,5.4703e+01,7.1583e+03
1.4297e+03,1.0560e+01,2.1678e+03,1.0414e+01,2.1678e+03,8.8167e+00,4.9915e+02,9.0054e+00,7.3917e+03,5.4685e+01,7.1560e+03
1.4347e+03,1.0558e+01,2.1676e+03,1.0412e+01,2.1676e+03,8.8145e+00,4.9902e+02,9.0032e+00,7.3894e+03,5.4667e+01,7.1536e+03
1.4397e+03,1.0556e+01,2.1674e+03,1.0409e+01,2.1674e+03,8.8124e+00,4.9888e+02,9.0010e+00,7.3870e+03,5.4650e+01,7.1513e+03
1.4447e+03,1.0554e+01,2.1672e+03,1.0407e+01,2.1672e+03,8.8103e+00,4.9875e+02,8.9989e+00,7.3847e+03,5.4632e+01,7.1491e+03
1.4497e+03,1.0551e+01,2.1670e+03,1.0405e+01,2.1670e+03,8.8082e+00,4.9862e+02,8.9967e+00,7.3824e+03,5.4615e+01,7.1468e+03
1.4547e+03,1.0549e+01,2.1668e+03,1.0403e+01,2.1668e+03,8.8062e+00,4.9849e+02,8.9946e+00,7.3802e+03,5.4598e+01,7.1446e+03
1.4597e+03,1.0547e+01,2.1666e+03,1.0401e+01,2.1666e+03,8.8041e+00,4.9836e+02,8.9925e+00,7.3779e+03,5.4581e+01,7.1424e+03
1.4647e+03,1.0545e+01,2.1663e+03,1.0399e+01,2.1663e+03,8.8021e+00,4.9824e+02,8.9904e+00,7.3757e+03,5.4564e+01,7.1402e+03
1.4697e+03,1.0543e+01,2.1661e+03,1.0397e+01,2.1661e+03,8.8001e+00,4.9811e+02,8.9884e+00,7.3735e+03,5.4547e+01,7.1380e+03
1.4747e+03,1.0541e+01,2.1659e+03,1.0394e+01,2.1659e+03,8.7981e+00,4.9799e+02,8.9863e+00,7.3713e+03,5.4531e+01,7.1359e+03
1.4797e+03,1.0539e+01,2.1657e+03,1.0392e+01,2.1657e+03,8.7962e+00,4.9786e+02,8.9843e+00,7.3692e+03,5.4515e+01,7.1337e+03
1.4847e+03,1.0537e+01,2.1655e+03,1.0390e+01,2.1655e+03,8.7942e+00,4.9774e+02,8.9823e+00,7.3670e+03,5.4498e+01,7.1316e+03
1.4897e+03,1.0535e+01,2.1653e+03,1.0388e+01,2.1653e+03,8.7923e+00,4.9762e+02,8.9803e+00,7.3649e+03,5.4482e+01,7.1295e+03
1.4947e+03,1.0533e+01,2.1651e+03,1.0386e+01,2.1651e+03,8.7904e+00,4.9750e+02,8.9784e+00,7.3628e+03,5.4467e+01,7.1275e+03
1.4997e+03,1.0531e+01,2.1649e+03,1.0384e+01,2.1649e+03,8.7885e+00,4.9739e+02,8.9764e+00,7.3607e+03,5.4451e+01,7.1254e+03
1.5047e+03,1.0529e+01,2.1647e+03,1.0382e+01,2.1647e+03,8.7867e+00,4.9727e+02,8.9745e+00,7.3587e+03,5.4435e+01,7.1234e+03
1.5097e+03,1.0527e+01,2.1645e+03,1.0380e+01,2.1645e+03,8.7848e+00,4.9715e+02,8.9726e+00,7.3566e+03,5.4420e+01,7.1214e+03
1.5147e+03,1.0525e+01,2.1643e+03,1.0379e+01,2.1643e+03,8.7830e+00,4.9704e+02,8.9707e+00,7.3546e+03,5.4405e+01,7.1194e+03
1.5197e+03,1.0523e+01,2.1640e+03,1.0377e+01,2.1640e+03,8.7812e+00,4.9692e+02,8.9688e+00,7.3526e+03,5.4389e+01,7.1174e+03
1.5247e+03,1.0521e+01,2.1638e+03,1.0375e+01,2.1638e+03,8.7793e+00,4.9681e+02,8.9670e+00,7.3506e+03,5.4374e+01,7.1155e+03
1.5297e+03,1.0519e+01,2.1636e+03,1.0373e+01,2.1636e+03,8.7776e+00,4.9670e+02,8.9651e+00,7.3486e+03,5.4360e+01,7.1135e+03
1.5347e+03,1.0517e+01,2.1634e+03,1.0371e+01,2.1634e+03,8.7758e+00,4.9659e+02,8.9633e+00,7.3467e+03,5.4345e+01,7.1116e+03
1.5397e+03,1.0515e+01,2.1632e+03,1.0369e+01,2.1632e+03,8.7740e+00,4.9648e+02,8.9615e+00,7.3447e+03,5.4330e+01,7.1097e+03
1.5447e+03,1.0514e+01,2.1630e+03,1.0367e+01,2.1630e+03,8.7723e+00,4.9637e+02,8.9597e+00,7.3428e+03,5.4316e+01,7.1078e+03
1.5497e+03,1.0512e+01,2.1628e+03,1.0365e+01,2.1628e+03,8.7705e+00,4.9626e+02,8.9579e+00,7.3409e+03,5.4301e+01,7.1059e+03
1.5547e+03,1.0510e+01,2.1626e+03,1.0364e+01,2.1626e+03,8.7688e+00,4.9616e+02,8.9561e+00,7.3390e+03,5.4287e+01,7.1041e+03
1.5597e+03,1.0508e+01,2.1624e+03,1.0362e+01,2.1624e+03,8.7671e+00,4.9605e+02,8.9544e+00,7.3371e+03,5.4273e+01,7.1022e+03
1.5647e+03,1.0506e+01,2.1622e+03,1.0360e+01,2.1622e+03,8.7654e+00,4.9594e+02,8.9526e+00,7.3352e+03,5.4258e+01,7.1004e+03
1.5697e+03,1.0505e+01,2.1620e+03,1.0358e+01,2.1620e+03,8.7637e+00,4.9584e+02,8.9509e+00,7.3334e+03,5.4244e+01,7.0985e+03
1.5747e+03,1.0503e+01,2.1617e+03,1.0357e+01,2.1617e+03,8.7621e+00,4.9573e+02,8.9492e+00,7.3315e+03,5.4231e+01,7.0967e+03
1.5797e+03,1.0501e+01,2.1615e+03,1.0355e+01,2.1615e+03,8.7604e+00,4.9563e+02,8.9475e+00,7.3297e+03,5.4217e+01,7.0949e+03
1.5847e+03,1.0499e+01,2.1613e+03,1.0353e+01,2.1613e+03,8.7588e+00,4.9553e+02,8.9458e+00,7.3279e+03,5.4203e+01,7.0931e+03
1.5897e+03,1.0498e+01,2.1611e+03,1.0351e+01,2.1611e+03,8.7571e+00,4.9543e+02,8.9441e+00,7.3261e+03,5.4190e+01,7.0914e+03
1.5947e+03,1.0496e+01,2.1609e+03,1.0350e+01,2.1609e+03,8.7555e+00,4.9533e+02,8.9424e+00,7.3243e+03,5.4176e+01,7.0896e+03
1.5997e+03,1.0494e+01,2.1607e+03,1.0348e+01,2.1607e+03,8.7539e+00,4.9523e+02,8.9408e+00,7.3225e+03,5.4163e+01,7.0879e+03
1.6047e+03,1.0492e+01,2.1605e+03,1.0346e+01,2.1605e+03,8.7523e+00,4.9513e+02,8.9391e+00,7.3208e+03,5.4149e+01,7.0861e+03
1.6097e+03,1.0491e+01,2.1603e+03,1.0344e+01,2.1603e+03,8.7507e+00,4.9503e+02,8.9375e+00,7.3190e+03,5.4136e+01,7.0844e+03
1.6147e+03,1.0489e+01,2.1601e+03,1.0343e+01,2.1601e+03,8.7491e+00,4.9493e+02,8.9358e+00,7.3173e+03,5.4123e+01,7.0827e+03
1.6197e+03,1.0487e+01,2.1599e+03,1.0341e+01,2.1599e+03,8.7476e+00,4.9483e+02,8.9342e+00,7.3155e+03,5.4110e+01,7.0810e+03
1.6247e+03,1.0486e+01,2.1597e+03,1.0339e+01,2.1597e+03,8.7460e+00,4.9474e+02,8.9326e+00,7.3138e+03,5.4097e+01,7.0793e+03
1.6297e+03,1.0484e+01,2.1595e+03,1.0338e+01,2.1595e+03,8.7445e+00,4.9464e+02,8.9310e+00,7.3121e+03,5.4084e+01,7.0776e+03
1.6347e+03,1.0482e+01,2.1592e+03,1.0336e+01,2.1592e+03,8.7429e+00,4.9455e+02,8.9294e+00,7.3104e+03,5.4071e+01,7.0759e+03
1.6397e+03,1.0481e+01,2.1590e+03,1.0335e+01,2.1590e+03,8.7414e+00,4.9445e+02,8.9279e+00,7.3087e+03,5.4058e+01,7.0743e+03
1.6447e+03,1.0479e+01,2.1588e+03,1.0333e+01,2.1588e+03,8.7399e+00,4.9436e+02,8.9263e+00,7.3070e+03,5.4046e+01,7.0726e+03
1.6497e+03,1.0477e+01,2.1586e+03,1.0331e+01,2.1586e+03,8.7383e+00,4.9426e+02,8.9247e+00,7.3054e+03,5.4033e+01,7.0710e+03
1.6547e+03,1.0476e+01,2.1584e+03,1.0330e+01,2.1584e+03,8.7368e+00,4.9417e+02,8.9232e+00,7.3037e+03,5.4021e+01,7.0694e+03
1.6597e+03,1.0474e+01,2.1582e+03,1.0328e+01,2.1582e+03,8.7353e+00,4.9408e+02,8.9216e+00,7.3021e+03,5.4008e+01,7.0677e+03
1.6647e+03,1.0473e+01,2.1580e+03,1.0327e+01,2.1580e+03,8.7338e+00,4.9398e+02,8.9201e+00,7.3004e+03,5.3996e+01,7.0661e+03
1.6697e+03,1.0471e+01,2.1578e+03,1.0325e+01,2.1578e+03,8.7324e+00,4.9389e+02,8.9186e+00,7.2988e+03,5.3983e+01,7.0645e+03
1.6747e+03,1.0469e+01,2.1576e+03,1.0323e+01,2.1576e+03,8.7309e+00,4.9380e+02,8.9171e+00,7.2971e+03,5.3971e+01,7.0629e+03
1.6797e+03,1.0468e+01,2.1574e+03,1.0322e+01,2.1574e+03,8.7294e+00,4.9371e+02,8.9155e+00,7.2955e+03,5.3959e+01,7.0613e+03
1.6847e+03,1.0466e+01,2.1572e+03,1.0320e+01,2.1572e+03,8.7280e+00,4.9362e+02,8.9140e+00,7.2939e+03,5.3947e+01,7.0597e+03
1.6897e+03,1.0465e+01,2.1569e+03,1.0319e+01,2.1569e+03,8.7265e+00,4.9353e+02,8.9125e+00,7.2923e+03,5.3935e+01,7.0582e+03
1.6947e+03,1.0463e+01,2.1567e+03,1.0317e+01,2.1567e+03,8.7251e+00,4.9344e+02,8.9111e+00,7.2907e+03,5.3923e+01,7.0566e+03
1.6997e+03,1.0462e+01,2.1565e+03,1.0316e+01,2.1565e+03,8.7236e+00,4.9335e+02,8.9096e+00,7.2891e+03,5.3911e+01,7.0550e+03
1.7047e+03,1.0460e+01,2.1563e+03,1.0314e+01,2.1563e+03,8.7222e+00,4.9327e+02,8.9081e+00,7.2876e+03,5.3899e+01,7.0535e+03
1.7097e+03,1.0459e+01,2.1561e+03,1.0313e+01,2.1561e+03,8.7208e+00,4.9318e+02,8.9066e+00,7.2860e+03,5.3887e+01,7.0519e+03
1.7147e+03,1.0457e+01,2.1559e+03,1.0311e+01,2.1559e+03,8.7194e+00,4.9309e+02,8.9052e+00,7.2844e+03,5.3875e+01,7.0504e+03
1.7197e+03,1.0456e+01,2.1557e+03,1.0310e+01,2.1557e+03,8.7179e+00,4.9300e+02,8.9037e+00,7.2829e+03,5.3863e+01,7.0489e+03
1.7247e+03,1.0454e+01,2.1555e+03,1.0308e+01,2.1555e+03,8.7165e+00,4.9292e+02,8.9023e+00,7.2813e+03,5.3852e+01,7.0474e+03
1.7297e+03,1.0452e+01,2.1553e+03,1.0307e+01,2.1553e+03,8.7151e+00,4.9283e+02,8.9008e+00,7.2798e+03,5.3840e+01,7.0458e+03
1.7347e+03,1.0451e+01,2.1551e+03,1.0305e+01,2.1551e+03,8.7137e+00,4.9274e+02,8.8994e+00,7.2782e+03,5.3829e+01,7.0443e+03
1.7397e+03,1.0449e+01,2.1549e+03,1.0304e+01,2.1549e+03,8.7124e+00,4.9266e+02,8.8980e+00,7.2767e+03,5.3817e+01,7.0428e+03
1.7447e+03,1.0448e+01,2.1547e+03,1.0302e+01,2.1547e+03,8.7110e+00,4.9257e+02,8.8965e+00,7.2752e+03,5.3805e+01,7.0413e+03
1.7497e+03,1.0447e+01,2.1544e+03,1.0301e+01,2.1544e+03,8.7096e+00,4.9249e+02,8.8951e+00,7.2737e+03,5.3794e+01,7.0398e+03
1.7547e+03,1.0445e+01,2.1542e+03,1.0299e+01,2.1542e+03,8.7082e+00,4.9241e+02,8.8937e+00,7.2722e+03,5.3783e+01,7.0383e+03
1.7597e+03,1.0444e+01,2.1540e+03,1.0298e+01,2.1540e+03,8.7069e+00,4.9232e+02,8.8923e+00,7.2707e+03,5.3771e+01,7.0369e+03
1.7647e+03,1.0442e+01,2.1538e+03,1.0296e+01,2.1538e+03,8.7055e+00,4.9224e+02,8.8909e+00,7.2692e+03,5.3760e+01,7.0354e+03
1.7697e+03,1.0441e+01,2.1536e+03,1.0295e+01,2.1536e+03,8.7042e+00,4.9215e+02,8.8895e+00,7.2677e+03,5.3749e+01,7.0339e+03
1.7747e+03,1.0439e+01,2.1534e+03,1.0293e+01,2.1534e+03,8.7028e+00,4.9207e+02,8.8881e+00,7.2662e+03,5.3737e+01,7.0325e+03
1.7797e+03,1.0438e+01,2.1532e+03,1.0292e+01,2.1532e+03,8.7015e+00,4.9199e+02,8.8867e+00,7.2647e+03,5.3726e+01,7.0310e+03
1.7847e+03,1.0436e+01,2.1530e+03,1.0290e+01,2.1530e+03,8.7001e+00,4.9191e+02,8.8854e+00,7.2632e+03,5.3715e+01,7.0296e+03
1.7897e+03,1.0435e+01,2.1528e+03,1.0289e+01,2.1528e+03,8.6988e+00,4.9182e+02,8.8840e+00,7.2617e+03,5.3704e+01,7.0281e+03
1.7947e+03,1.0433e+01,2.1526e+03,1.0287e+01,2.1526e+03,8.6974e+00,4.9174e+02,8.8826e+00,7.2603e+03,5.3693e+01,7.0267e+03
1.7997e+03,1.0432e+01,2.1524e+03,1.0286e+01,2.1524e+03,8.6961e+00,4.9166e+02,8.8812e+00,7.2588e+03,5.3682e+01,7.0252e+03
1.8000e+03,1.0432e+01,2.1523e+03,1.0286e+01,2.1523e+03,8.6960e+00,4.9166e+02,8.8812e+00,7.2587e+03,5.3681e+01,7.0251e+03
